-2.93,-2.84,-2.68,-2.33,-2.55,-3.07,-3.58,-3.85,-3.52,-3.01,-2.38,-2.34,-2.37,-2.48,-2.81,-3.31,-3.25,-3.05,-2.61,-2.74,-3.32,-3.61,-3.76,-3.46,-3.18,-2.92,-2.98,-3.02,-2.71,-2.43,-2.18,-2.04,-1.95,-2.10,-2.69,-3.79,-4.01,-3.96,-3.62,-3.26,-2.88,-2.85,-2.90,-2.56,-2.38,-2.43,-2.69,-3.06,-3.74,-4.35,-4.84,-4.42,-3.61,-2.68,-2.02,-1.91,-2.10,-2.44,-3.04,-3.28,-2.76,-2.27,-1.79,-1.86,-1.97,-2.09,-2.38,-2.77,-3.26,-3.69,-3.96,-3.95,-3.75,-3.20,-2.70,-2.52,-2.41,-2.36,-2.54,-2.66,-2.36,-2.02,-1.66,-1.94,-2.36,-2.87,-3.21,-3.36,-3.04,-2.63,-2.31,-2.25,-2.51,-2.67,-2.79,-2.73,-2.61,-2.40,-2.27,-2.20,-2.44,-2.92,-3.75,-4.26,-4.60,-4.05,-3.45,-2.75,-2.20,-1.72,-1.20,-0.87,-0.92,-1.25,-1.75,-2.40,-2.93,-3.15,-3.06,-2.79,-2.78,-2.86,-3.13,-3.34,-3.49,-3.57,-3.71,-4.03,-4.23,-4.33,-4.14,-3.76,-2.83,-2.19,-1.80,-2.78,-3.88,-4.56,-4.68,-4.25,-3.53,-2.80,-2.36,-2.11,-2.07,-2.30,-2.53,-2.26,-2.01,-1.77,-1.79,-1.89,-1.96,-2.11,-2.36,-2.82,-3.36,-3.93,-4.26,-4.24,-3.52,-2.53,-1.91,-1.48,-1.39,-1.72,-2.27
-2.99,-3.05,-3.00,-2.75,-2.96,-3.44,-3.98,-4.28,-3.96,-3.37,-2.62,-2.44,-2.39,-2.57,-3.07,-3.80,-3.75,-3.48,-2.72,-2.40,-2.43,-2.63,-2.78,-2.62,-2.47,-2.33,-2.54,-2.76,-2.64,-2.47,-2.25,-2.06,-1.91,-2.03,-2.60,-3.70,-4.03,-4.10,-3.80,-3.45,-3.05,-2.88,-2.75,-2.29,-2.06,-2.16,-2.47,-2.86,-3.32,-3.73,-4.07,-3.83,-3.35,-2.56,-2.02,-1.94,-2.15,-2.50,-3.23,-3.54,-2.95,-2.37,-1.79,-2.07,-2.33,-2.45,-2.58,-2.71,-2.96,-3.20,-3.41,-3.56,-3.65,-3.18,-2.69,-2.35,-2.17,-2.11,-2.38,-2.61,-2.40,-2.12,-1.79,-1.96,-2.22,-2.47,-2.67,-2.79,-2.62,-2.37,-2.04,-1.99,-2.27,-2.65,-3.04,-3.35,-3.46,-3.29,-2.89,-2.43,-2.15,-2.17,-2.67,-3.19,-3.69,-3.57,-3.31,-2.82,-2.41,-2.04,-1.49,-1.12,-1.12,-1.31,-1.61,-2.09,-2.52,-2.83,-2.79,-2.54,-2.56,-2.68,-3.01,-3.31,-3.57,-3.77,-3.94,-4.04,-4.16,-4.28,-4.20,-3.97,-3.30,-2.82,-2.51,-3.34,-4.30,-4.99,-5.06,-4.52,-3.62,-2.73,-2.24,-2.10,-2.35,-2.81,-3.23,-3.07,-2.81,-2.40,-2.10,-1.82,-1.51,-1.37,-1.47,-1.75,-2.08,-2.40,-2.58,-2.54,-2.12,-1.55,-1.41,-1.34,-1.39,-1.76,-2.27
-2.66,-2.78,-2.84,-2.77,-2.99,-3.35,-3.87,-4.09,-3.56,-2.88,-2.09,-1.83,-1.81,-2.36,-3.08,-3.93,-3.61,-3.07,-2.17,-1.67,-1.47,-1.70,-1.93,-1.95,-1.93,-1.88,-2.14,-2.40,-2.35,-2.22,-2.01,-1.83,-1.70,-1.82,-2.29,-3.18,-3.48,-3.58,-3.38,-3.11,-2.77,-2.45,-2.12,-1.63,-1.40,-1.55,-1.86,-2.23,-2.45,-2.65,-2.81,-2.75,-2.58,-1.98,-1.60,-1.65,-2.00,-2.50,-3.14,-3.37,-2.69,-2.05,-1.42,-1.84,-2.21,-2.37,-2.31,-2.10,-2.09,-2.13,-2.30,-2.54,-2.83,-2.47,-2.06,-1.76,-1.66,-1.75,-2.11,-2.41,-2.28,-2.05,-1.73,-1.79,-1.93,-2.06,-2.11,-2.06,-1.86,-1.63,-1.44,-1.50,-1.85,-2.26,-2.69,-3.09,-3.26,-3.12,-2.58,-1.92,-1.48,-1.32,-1.56,-1.95,-2.36,-2.29,-2.16,-1.95,-1.84,-1.79,-1.61,-1.47,-1.44,-1.56,-1.76,-1.97,-2.17,-2.37,-2.21,-1.83,-1.73,-1.77,-2.10,-2.44,-2.79,-2.88,-2.93,-2.95,-3.09,-3.33,-3.47,-3.49,-3.15,-2.94,-2.84,-3.28,-3.81,-4.34,-4.37,-3.91,-3.05,-2.18,-1.78,-1.80,-2.30,-2.81,-3.27,-3.33,-3.33,-3.23,-2.82,-2.29,-1.61,-1.16,-1.04,-1.15,-1.33,-1.41,-1.40,-1.25,-0.96,-0.63,-0.79,-1.02,-1.38,-1.88,-2.43
-1.94,-2.16,-2.36,-2.51,-2.71,-2.95,-3.40,-3.53,-2.86,-2.08,-1.24,-1.03,-1.11,-1.88,-2.76,-3.71,-3.09,-2.26,-1.31,-0.83,-0.73,-1.09,-1.46,-1.67,-1.74,-1.67,-1.76,-1.87,-1.88,-1.77,-1.54,-1.31,-1.14,-1.27,-1.68,-2.40,-2.56,-2.55,-2.43,-2.24,-1.98,-1.70,-1.40,-1.01,-0.84,-0.97,-1.22,-1.51,-1.66,-1.80,-1.94,-1.98,-1.95,-1.31,-0.88,-0.88,-1.31,-1.97,-2.47,-2.60,-1.94,-1.31,-0.70,-1.17,-1.57,-1.68,-1.43,-0.95,-0.77,-0.71,-0.92,-1.23,-1.63,-1.37,-1.05,-0.78,-0.79,-1.04,-1.45,-1.81,-1.87,-1.68,-1.26,-1.25,-1.33,-1.47,-1.43,-1.19,-0.90,-0.61,-0.46,-0.62,-1.15,-1.47,-1.73,-2.07,-2.20,-2.05,-1.53,-0.91,-0.57,-0.42,-0.58,-0.80,-1.04,-0.92,-0.80,-0.68,-0.75,-0.92,-0.99,-1.01,-0.95,-1.14,-1.47,-1.60,-1.71,-1.73,-1.46,-1.02,-0.85,-0.82,-1.16,-1.53,-1.91,-1.78,-1.66,-1.72,-1.92,-2.24,-2.50,-2.61,-2.18,-1.92,-1.79,-2.02,-2.35,-2.80,-2.85,-2.50,-1.69,-0.89,-0.62,-0.74,-1.30,-1.85,-2.36,-2.61,-2.84,-3.03,-2.72,-2.22,-1.41,-0.88,-0.76,-0.90,-1.11,-1.02,-0.86,-0.61,-0.33,-0.06,-0.31,-0.63,-1.10,-1.64,-2.23
-1.48,-1.81,-2.13,-2.44,-2.55,-2.57,-2.89,-2.95,-2.36,-1.57,-0.66,-0.43,-0.51,-1.33,-2.24,-3.20,-2.44,-1.51,-0.63,-0.19,-0.09,-0.57,-1.07,-1.32,-1.31,-1.07,-1.02,-1.02,-1.12,-1.06,-0.83,-0.68,-0.60,-0.79,-1.13,-1.65,-1.74,-1.70,-1.58,-1.43,-1.24,-0.97,-0.67,-0.33,-0.18,-0.31,-0.59,-0.91,-1.00,-1.13,-1.31,-1.40,-1.42,-0.82,-0.37,-0.22,-0.61,-1.27,-1.79,-1.95,-1.32,-0.75,-0.23,-0.67,-1.02,-1.01,-0.69,-0.15,0.04,0.12,-0.08,-0.36,-0.70,-0.51,-0.26,-0.02,-0.01,-0.18,-0.66,-1.12,-1.36,-1.20,-0.68,-0.58,-0.59,-0.75,-0.72,-0.50,-0.17,0.17,0.34,0.20,-0.29,-0.57,-0.80,-1.04,-1.17,-1.15,-0.72,-0.17,0.06,0.14,-0.02,-0.12,-0.19,0.02,0.17,0.20,0.05,-0.19,-0.28,-0.31,-0.25,-0.49,-0.90,-1.07,-1.18,-1.17,-0.93,-0.54,-0.38,-0.37,-0.75,-1.15,-1.54,-1.27,-1.01,-1.00,-1.27,-1.76,-1.97,-1.98,-1.41,-0.98,-0.68,-0.86,-1.16,-1.58,-1.67,-1.43,-0.72,-0.01,0.16,-0.04,-0.63,-1.18,-1.69,-1.92,-2.08,-2.14,-1.84,-1.40,-0.78,-0.45,-0.54,-0.84,-1.19,-1.03,-0.82,-0.54,-0.29,-0.07,-0.32,-0.61,-0.98,-1.43,-1.93
-1.31,-1.70,-2.08,-2.45,-2.42,-2.18,-2.36,-2.38,-1.98,-1.27,-0.37,0.01,0.07,-0.68,-1.49,-2.35,-1.74,-0.95,-0.08,0.33,0.38,-0.11,-0.59,-0.69,-0.58,-0.30,-0.26,-0.28,-0.41,-0.35,-0.09,0.05,0.12,-0.10,-0.43,-0.88,-0.92,-0.84,-0.70,-0.56,-0.40,-0.17,0.10,0.44,0.59,0.45,0.19,-0.12,-0.26,-0.44,-0.72,-0.87,-0.96,-0.42,-0.02,0.13,-0.17,-0.71,-1.15,-1.28,-0.76,-0.27,0.19,-0.17,-0.44,-0.36,-0.08,0.32,0.44,0.47,0.30,0.10,-0.13,0.12,0.40,0.59,0.60,0.47,-0.03,-0.55,-0.86,-0.71,-0.12,0.06,0.12,-0.01,0.05,0.31,0.61,0.90,1.07,0.98,0.59,0.38,0.23,0.00,-0.18,-0.31,0.01,0.47,0.68,0.72,0.51,0.42,0.39,0.61,0.74,0.73,0.58,0.39,0.38,0.43,0.59,0.43,0.11,-0.08,-0.23,-0.27,-0.12,0.15,0.24,0.20,-0.18,-0.56,-0.96,-0.79,-0.63,-0.64,-0.93,-1.43,-1.63,-1.61,-0.90,-0.32,0.15,0.07,-0.14,-0.52,-0.63,-0.47,0.03,0.53,0.66,0.46,-0.12,-0.61,-1.04,-1.17,-1.22,-1.14,-0.78,-0.34,0.10,0.28,0.10,-0.24,-0.61,-0.42,-0.24,-0.05,0.08,0.16,-0.05,-0.28,-0.55,-0.87,-1.22
-1.02,-1.41,-1.81,-2.21,-2.12,-1.76,-1.86,-1.91,-1.78,-1.23,-0.43,0.19,0.51,0.01,-0.62,-1.34,-0.98,-0.45,0.24,0.57,0.63,0.13,-0.33,-0.37,-0.20,0.14,0.17,0.13,0.02,0.08,0.32,0.54,0.71,0.63,0.38,-0.08,-0.17,-0.14,-0.05,0.06,0.21,0.43,0.68,1.00,1.11,0.94,0.66,0.34,0.20,0.02,-0.21,-0.42,-0.61,-0.28,0.06,0.39,0.30,-0.01,-0.49,-0.70,-0.33,0.08,0.52,0.29,0.14,0.24,0.38,0.56,0.61,0.62,0.57,0.51,0.45,0.72,0.98,1.10,1.07,0.93,0.45,-0.04,-0.39,-0.26,0.33,0.53,0.62,0.55,0.63,0.87,1.08,1.28,1.39,1.34,1.09,0.99,0.92,0.67,0.43,0.20,0.42,0.79,1.03,1.08,0.85,0.68,0.54,0.65,0.74,0.79,0.74,0.66,0.73,0.86,1.09,1.07,0.92,0.78,0.67,0.60,0.67,0.82,0.82,0.72,0.37,0.01,-0.34,-0.42,-0.50,-0.65,-0.95,-1.36,-1.61,-1.64,-0.96,-0.33,0.24,0.40,0.43,0.19,0.08,0.11,0.39,0.70,0.84,0.70,0.27,-0.20,-0.62,-0.71,-0.67,-0.49,-0.15,0.25,0.66,0.84,0.70,0.43,0.15,0.33,0.46,0.53,0.53,0.51,0.41,0.30,0.16,-0.10,-0.41
-0.51,-0.82,-1.20,-1.71,-1.66,-1.31,-1.41,-1.51,-1.55,-1.20,-0.61,0.17,0.70,0.55,0.17,-0.37,-0.26,-0.02,0.44,0.66,0.70,0.21,-0.25,-0.29,-0.14,0.19,0.19,0.13,0.06,0.13,0.34,0.61,0.86,0.93,0.76,0.31,0.15,0.08,0.11,0.20,0.38,0.54,0.70,0.88,0.93,0.79,0.57,0.32,0.23,0.15,0.06,-0.08,-0.23,-0.02,0.27,0.71,0.72,0.53,-0.03,-0.37,-0.18,0.16,0.58,0.58,0.60,0.72,0.78,0.79,0.77,0.76,0.80,0.85,0.91,1.14,1.34,1.37,1.29,1.12,0.67,0.20,-0.16,-0.05,0.50,0.68,0.76,0.71,0.77,0.97,1.07,1.14,1.18,1.13,1.00,0.99,0.99,0.75,0.52,0.32,0.51,0.82,1.03,1.07,0.87,0.64,0.41,0.43,0.50,0.65,0.73,0.78,0.86,0.96,1.09,1.07,0.97,0.88,0.82,0.82,0.90,1.03,1.00,0.89,0.58,0.23,-0.15,-0.43,-0.70,-0.97,-1.34,-1.78,-1.91,-1.86,-1.26,-0.72,-0.23,0.17,0.49,0.56,0.58,0.55,0.73,0.94,1.05,0.94,0.57,0.12,-0.30,-0.32,-0.20,0.10,0.39,0.67,0.97,1.09,0.96,0.81,0.67,0.85,0.95,0.92,0.87,0.82,0.89,0.93,0.92,0.65,0.26
0.23,0.05,-0.28,-0.89,-1.05,-0.96,-1.12,-1.27,-1.38,-1.21,-0.87,-0.06,0.59,0.70,0.49,0.07,0.06,0.16,0.47,0.66,0.74,0.36,-0.02,-0.12,-0.04,0.20,0.13,-0.00,-0.13,-0.08,0.15,0.49,0.82,0.92,0.79,0.40,0.17,0.00,-0.06,-0.03,0.15,0.24,0.31,0.32,0.35,0.38,0.27,0.12,0.14,0.16,0.21,0.20,0.16,0.40,0.68,1.03,1.02,0.82,0.17,-0.26,-0.21,0.10,0.55,0.72,0.87,0.97,0.96,0.88,0.82,0.79,0.81,0.86,0.93,1.17,1.38,1.41,1.35,1.22,0.77,0.29,-0.11,-0.05,0.42,0.55,0.61,0.56,0.59,0.72,0.80,0.84,0.82,0.78,0.72,0.77,0.83,0.56,0.34,0.19,0.42,0.77,0.96,1.01,0.84,0.60,0.35,0.34,0.42,0.66,0.83,0.97,0.97,0.95,0.90,0.71,0.43,0.29,0.21,0.25,0.40,0.61,0.68,0.64,0.36,-0.00,-0.41,-0.73,-1.01,-1.21,-1.57,-2.07,-2.05,-1.86,-1.34,-0.92,-0.59,-0.12,0.34,0.67,0.85,0.88,1.05,1.24,1.34,1.24,0.89,0.44,0.02,0.08,0.30,0.73,0.94,1.07,1.16,1.15,0.96,0.89,0.86,1.01,1.06,0.98,0.95,0.94,1.14,1.31,1.44,1.21,0.80
0.74,0.54,0.19,-0.49,-0.84,-1.01,-1.21,-1.38,-1.45,-1.37,-1.20,-0.43,0.23,0.46,0.42,0.21,0.15,0.17,0.37,0.56,0.75,0.54,0.32,0.23,0.27,0.42,0.24,-0.01,-0.29,-0.32,-0.10,0.29,0.68,0.81,0.74,0.45,0.19,-0.04,-0.15,-0.13,0.07,0.13,0.14,0.12,0.17,0.31,0.28,0.21,0.26,0.31,0.37,0.42,0.48,0.69,0.91,1.15,1.13,0.97,0.39,-0.01,-0.00,0.26,0.67,0.90,1.05,1.05,0.92,0.72,0.64,0.58,0.53,0.57,0.67,0.94,1.20,1.30,1.33,1.30,0.91,0.46,0.02,-0.02,0.29,0.38,0.41,0.39,0.42,0.50,0.60,0.67,0.60,0.56,0.56,0.70,0.84,0.58,0.36,0.19,0.43,0.79,1.00,1.05,0.87,0.61,0.31,0.27,0.38,0.75,1.00,1.20,1.17,1.07,0.83,0.47,0.04,-0.12,-0.23,-0.21,0.01,0.35,0.51,0.57,0.36,0.00,-0.45,-0.72,-0.92,-0.93,-1.21,-1.68,-1.61,-1.42,-0.96,-0.64,-0.45,-0.10,0.28,0.66,0.87,0.91,1.08,1.29,1.48,1.47,1.22,0.77,0.35,0.47,0.77,1.28,1.46,1.51,1.38,1.22,1.02,1.00,1.05,1.11,1.07,0.89,0.84,0.84,1.03,1.23,1.43,1.26,0.92
0.50,0.30,-0.06,-0.73,-1.13,-1.39,-1.56,-1.66,-1.60,-1.46,-1.27,-0.58,0.03,0.26,0.34,0.29,0.23,0.18,0.18,0.29,0.48,0.40,0.31,0.31,0.36,0.47,0.18,-0.18,-0.52,-0.63,-0.50,-0.13,0.27,0.47,0.47,0.21,-0.02,-0.23,-0.26,-0.14,0.15,0.25,0.30,0.32,0.39,0.52,0.54,0.52,0.56,0.53,0.39,0.44,0.56,0.68,0.80,0.94,0.94,0.87,0.39,0.08,0.16,0.39,0.69,0.88,1.00,0.92,0.70,0.40,0.32,0.26,0.18,0.17,0.20,0.47,0.75,0.98,1.14,1.27,1.01,0.69,0.32,0.22,0.37,0.41,0.42,0.43,0.45,0.50,0.60,0.69,0.58,0.51,0.50,0.71,0.94,0.75,0.51,0.23,0.43,0.78,1.00,1.03,0.76,0.44,0.10,0.01,0.12,0.58,0.92,1.21,1.16,1.02,0.69,0.29,-0.13,-0.27,-0.33,-0.24,0.07,0.52,0.75,0.88,0.75,0.42,-0.06,-0.33,-0.49,-0.40,-0.56,-0.90,-0.89,-0.79,-0.47,-0.23,-0.07,0.11,0.29,0.45,0.53,0.53,0.67,0.86,1.14,1.22,1.08,0.62,0.16,0.27,0.59,1.18,1.39,1.46,1.28,1.11,0.95,0.97,1.04,1.01,0.87,0.53,0.40,0.35,0.42,0.54,0.75,0.68,0.48
0.31,0.10,-0.23,-0.78,-1.06,-1.18,-1.29,-1.33,-1.20,-1.00,-0.76,-0.14,0.39,0.59,0.67,0.67,0.65,0.59,0.39,0.33,0.37,0.29,0.21,0.24,0.31,0.41,0.09,-0.29,-0.57,-0.69,-0.65,-0.34,0.03,0.28,0.30,0.04,-0.16,-0.31,-0.20,0.02,0.37,0.52,0.61,0.67,0.77,0.90,0.95,0.97,0.95,0.83,0.53,0.53,0.65,0.68,0.72,0.79,0.75,0.65,0.27,0.07,0.29,0.53,0.79,0.93,1.01,0.94,0.74,0.44,0.40,0.37,0.30,0.18,0.03,0.22,0.46,0.77,1.06,1.33,1.26,1.12,0.87,0.78,0.86,0.81,0.75,0.71,0.70,0.73,0.81,0.87,0.76,0.66,0.59,0.79,1.03,0.97,0.77,0.38,0.48,0.74,0.97,0.98,0.66,0.31,-0.03,-0.13,-0.04,0.42,0.77,1.07,0.99,0.83,0.50,0.20,-0.09,-0.14,-0.12,0.04,0.40,0.87,1.19,1.38,1.27,0.93,0.42,0.14,-0.02,0.13,0.07,-0.15,-0.22,-0.23,-0.05,0.15,0.34,0.43,0.47,0.45,0.39,0.29,0.37,0.53,0.86,0.99,0.93,0.42,-0.12,-0.16,0.10,0.74,1.06,1.25,1.18,1.08,0.95,0.94,0.97,0.93,0.73,0.28,0.11,0.05,0.06,0.12,0.30,0.30,0.22
0.33,0.21,-0.00,-0.40,-0.54,-0.54,-0.56,-0.53,-0.36,-0.17,0.04,0.55,0.98,1.13,1.18,1.16,1.10,0.98,0.68,0.50,0.42,0.31,0.22,0.20,0.25,0.34,0.10,-0.18,-0.42,-0.50,-0.43,-0.15,0.15,0.31,0.24,-0.10,-0.23,-0.27,-0.06,0.18,0.49,0.59,0.62,0.68,0.79,0.99,1.10,1.17,1.15,1.01,0.69,0.64,0.71,0.71,0.71,0.69,0.55,0.35,0.06,-0.05,0.25,0.56,0.86,1.00,1.09,1.08,0.96,0.79,0.80,0.79,0.70,0.47,0.13,0.12,0.21,0.54,0.91,1.29,1.32,1.27,1.10,1.04,1.09,1.02,0.93,0.88,0.88,0.94,1.04,1.13,1.10,1.03,0.89,0.98,1.11,1.13,1.01,0.68,0.67,0.79,0.99,1.00,0.72,0.38,0.03,-0.06,0.02,0.42,0.69,0.89,0.78,0.60,0.30,0.10,-0.04,-0.01,0.06,0.21,0.51,0.92,1.27,1.50,1.41,1.10,0.63,0.41,0.30,0.48,0.50,0.39,0.30,0.25,0.34,0.47,0.65,0.73,0.75,0.61,0.42,0.18,0.24,0.39,0.70,0.86,0.85,0.35,-0.24,-0.49,-0.32,0.36,0.81,1.17,1.28,1.26,1.07,1.00,0.97,0.94,0.75,0.32,0.21,0.24,0.27,0.35,0.53,0.55,0.50
0.49,0.52,0.48,0.26,0.17,0.15,0.14,0.19,0.35,0.52,0.69,1.05,1.33,1.39,1.34,1.22,1.06,0.85,0.50,0.29,0.19,0.14,0.11,0.12,0.21,0.39,0.34,0.23,0.01,-0.06,0.05,0.27,0.48,0.47,0.28,-0.13,-0.19,-0.14,0.06,0.23,0.38,0.33,0.23,0.27,0.42,0.71,0.91,1.07,1.10,1.02,0.75,0.67,0.67,0.70,0.71,0.64,0.43,0.14,-0.09,-0.13,0.24,0.58,0.92,1.07,1.17,1.16,1.10,1.01,1.06,1.07,0.95,0.65,0.21,0.07,0.06,0.38,0.76,1.19,1.20,1.13,0.97,0.93,1.02,0.97,0.90,0.87,0.90,1.02,1.21,1.39,1.46,1.40,1.21,1.14,1.11,1.14,1.10,0.96,0.96,0.99,1.03,0.94,0.66,0.35,0.06,0.00,0.09,0.42,0.59,0.70,0.56,0.38,0.11,-0.04,-0.12,-0.07,-0.01,0.03,0.24,0.54,0.94,1.24,1.26,1.06,0.71,0.58,0.56,0.78,0.86,0.81,0.76,0.73,0.78,0.87,0.97,0.99,0.96,0.74,0.50,0.23,0.33,0.53,0.85,1.01,1.01,0.55,0.01,-0.36,-0.28,0.36,0.85,1.27,1.44,1.47,1.28,1.19,1.14,1.15,1.02,0.68,0.69,0.84,0.91,1.00,1.14,1.13,1.04
0.42,0.59,0.67,0.57,0.47,0.38,0.29,0.25,0.29,0.39,0.53,0.75,0.91,0.84,0.67,0.41,0.17,-0.10,-0.43,-0.56,-0.51,-0.41,-0.30,-0.19,0.05,0.41,0.53,0.56,0.32,0.19,0.19,0.33,0.46,0.37,0.14,-0.25,-0.27,-0.17,0.01,0.10,0.06,-0.12,-0.32,-0.22,-0.03,0.30,0.55,0.76,0.87,0.84,0.60,0.51,0.50,0.59,0.63,0.60,0.41,0.12,-0.07,-0.06,0.37,0.73,1.07,1.15,1.17,1.05,0.94,0.83,0.87,0.88,0.73,0.41,-0.04,-0.09,-0.01,0.37,0.72,1.07,0.98,0.83,0.68,0.68,0.82,0.84,0.84,0.77,0.79,0.90,1.13,1.38,1.50,1.44,1.18,0.97,0.79,0.74,0.72,0.74,0.80,0.86,0.72,0.49,0.11,-0.14,-0.35,-0.36,-0.26,0.02,0.20,0.32,0.27,0.20,0.07,0.01,0.00,0.04,0.03,-0.07,0.04,0.26,0.66,1.00,1.13,1.03,0.79,0.77,0.84,1.10,1.20,1.18,1.15,1.13,1.13,1.14,1.14,1.03,0.87,0.58,0.32,0.09,0.28,0.56,0.92,1.11,1.11,0.73,0.26,-0.11,-0.11,0.36,0.77,1.14,1.33,1.40,1.32,1.27,1.25,1.30,1.25,1.03,1.14,1.38,1.43,1.49,1.55,1.44,1.26
0.48,0.63,0.71,0.65,0.50,0.31,0.07,-0.14,-0.26,-0.22,-0.09,0.10,0.22,0.10,-0.10,-0.36,-0.61,-0.86,-1.10,-1.07,-0.82,-0.61,-0.42,-0.24,0.08,0.53,0.64,0.63,0.34,0.11,-0.05,-0.01,0.05,-0.02,-0.21,-0.54,-0.47,-0.28,-0.06,-0.00,-0.17,-0.37,-0.54,-0.33,-0.10,0.16,0.37,0.57,0.72,0.75,0.55,0.50,0.51,0.63,0.73,0.78,0.62,0.34,0.21,0.27,0.73,1.04,1.27,1.26,1.19,1.03,0.85,0.66,0.65,0.61,0.46,0.24,-0.04,0.08,0.31,0.75,1.04,1.20,0.98,0.73,0.57,0.58,0.74,0.83,0.87,0.76,0.71,0.72,0.95,1.21,1.31,1.18,0.80,0.41,0.05,-0.10,-0.14,-0.03,0.12,0.26,0.06,-0.25,-0.71,-0.94,-1.08,-1.11,-1.05,-0.81,-0.58,-0.36,-0.16,0.03,0.19,0.32,0.43,0.42,0.34,0.11,0.14,0.31,0.71,1.04,1.18,1.11,0.89,0.91,0.99,1.20,1.27,1.24,1.18,1.12,1.11,1.06,0.96,0.75,0.50,0.22,0.02,-0.10,0.15,0.48,0.83,1.03,1.07,0.73,0.30,-0.01,-0.06,0.23,0.47,0.69,0.86,0.98,1.03,1.04,1.04,1.09,1.08,0.97,1.14,1.42,1.46,1.47,1.40,1.20,0.93
0.90,0.95,0.95,0.84,0.66,0.45,0.09,-0.22,-0.39,-0.38,-0.25,-0.07,0.06,0.03,-0.06,-0.18,-0.41,-0.63,-0.79,-0.70,-0.42,-0.23,-0.05,0.10,0.35,0.69,0.64,0.48,0.10,-0.22,-0.49,-0.57,-0.61,-0.59,-0.66,-0.84,-0.64,-0.35,-0.08,-0.01,-0.19,-0.30,-0.36,-0.08,0.17,0.35,0.49,0.62,0.79,0.85,0.74,0.73,0.77,0.92,1.03,1.08,0.88,0.57,0.44,0.50,0.95,1.15,1.22,1.13,1.05,1.00,0.89,0.74,0.67,0.58,0.44,0.36,0.32,0.61,0.93,1.26,1.38,1.32,0.97,0.61,0.43,0.42,0.58,0.71,0.80,0.70,0.61,0.53,0.72,0.95,0.99,0.75,0.18,-0.45,-1.07,-1.40,-1.51,-1.32,-1.07,-0.83,-0.94,-1.15,-1.53,-1.75,-1.90,-1.88,-1.78,-1.52,-1.23,-0.91,-0.42,0.04,0.47,0.75,0.96,0.88,0.73,0.40,0.35,0.48,0.88,1.21,1.26,1.16,0.94,0.91,0.93,1.06,1.07,0.98,0.84,0.74,0.75,0.70,0.59,0.38,0.18,0.04,-0.01,0.04,0.30,0.60,0.83,0.97,1.00,0.68,0.28,-0.06,-0.21,-0.10,-0.07,-0.04,0.17,0.37,0.56,0.67,0.74,0.75,0.72,0.64,0.81,1.07,1.12,1.11,0.99,0.76,0.46
1.31,1.31,1.24,1.05,0.90,0.77,0.45,0.16,-0.05,-0.01,0.17,0.41,0.61,0.65,0.68,0.70,0.49,0.29,0.15,0.16,0.29,0.45,0.59,0.65,0.72,0.78,0.63,0.40,-0.07,-0.45,-0.72,-0.85,-0.91,-0.76,-0.65,-0.60,-0.38,-0.13,0.09,0.14,-0.02,-0.03,0.03,0.33,0.57,0.72,0.76,0.78,0.90,1.00,1.03,1.06,1.10,1.24,1.32,1.28,1.05,0.71,0.56,0.56,0.88,0.98,0.95,0.84,0.79,0.91,1.00,1.06,1.01,0.93,0.78,0.76,0.82,1.09,1.33,1.44,1.36,1.13,0.67,0.24,0.05,0.03,0.19,0.28,0.34,0.26,0.19,0.11,0.22,0.34,0.28,-0.08,-0.77,-1.66,-2.55,-3.14,-3.37,-3.13,-2.78,-2.43,-2.36,-2.39,-2.56,-2.69,-2.80,-2.60,-2.33,-1.96,-1.58,-1.19,-0.52,0.11,0.66,1.02,1.29,1.20,1.01,0.63,0.52,0.58,0.98,1.27,1.24,1.09,0.87,0.82,0.83,0.96,0.93,0.77,0.61,0.51,0.59,0.60,0.56,0.43,0.31,0.37,0.47,0.61,0.80,0.98,1.06,1.08,1.05,0.76,0.40,0.00,-0.26,-0.36,-0.50,-0.61,-0.28,0.10,0.55,0.82,1.00,0.95,0.90,0.84,0.95,1.13,1.18,1.17,1.09,0.88,0.60
1.26,1.26,1.18,0.93,0.84,0.84,0.66,0.48,0.32,0.37,0.55,0.74,0.88,0.87,0.92,1.02,0.85,0.66,0.52,0.48,0.52,0.66,0.79,0.81,0.72,0.56,0.40,0.18,-0.34,-0.70,-0.91,-0.89,-0.78,-0.45,-0.14,0.13,0.33,0.50,0.54,0.51,0.37,0.38,0.46,0.73,0.91,0.97,0.88,0.73,0.78,0.85,0.98,1.07,1.14,1.24,1.28,1.23,1.04,0.79,0.69,0.68,0.85,0.80,0.63,0.54,0.55,0.80,1.03,1.26,1.24,1.16,0.94,0.86,0.87,0.99,1.08,1.00,0.80,0.49,0.03,-0.39,-0.55,-0.58,-0.49,-0.51,-0.57,-0.70,-0.80,-0.87,-0.94,-1.03,-1.32,-1.80,-2.53,-3.55,-4.63,-5.53,-5.97,-5.79,-5.32,-4.78,-4.36,-4.06,-3.94,-3.92,-3.92,-3.46,-2.96,-2.37,-1.89,-1.45,-0.76,-0.11,0.47,0.85,1.13,1.11,1.00,0.68,0.59,0.63,0.92,1.11,1.03,0.87,0.65,0.64,0.68,0.81,0.77,0.59,0.52,0.51,0.69,0.79,0.83,0.76,0.72,0.87,1.01,1.12,1.21,1.26,1.20,1.13,1.04,0.83,0.56,0.11,-0.26,-0.52,-0.70,-0.81,-0.39,0.13,0.78,1.13,1.34,1.26,1.21,1.17,1.25,1.37,1.41,1.41,1.36,1.20,0.99
0.83,0.89,0.87,0.65,0.67,0.83,0.81,0.77,0.67,0.67,0.73,0.74,0.71,0.58,0.65,0.84,0.80,0.72,0.57,0.53,0.56,0.66,0.74,0.76,0.64,0.40,0.22,-0.01,-0.50,-0.84,-1.03,-0.79,-0.44,0.08,0.49,0.79,0.97,1.09,1.06,1.00,0.91,0.90,0.94,1.08,1.15,1.11,0.87,0.57,0.53,0.55,0.66,0.83,1.03,1.11,1.16,1.14,1.10,1.04,1.03,1.04,1.09,0.93,0.64,0.56,0.58,0.83,1.08,1.33,1.33,1.24,0.93,0.73,0.62,0.67,0.70,0.60,0.39,0.11,-0.29,-0.66,-0.88,-1.03,-1.12,-1.41,-1.75,-2.18,-2.52,-2.77,-3.09,-3.46,-4.09,-4.80,-5.60,-6.71,-7.92,-9.25,-10.02,-10.02,-9.47,-8.70,-7.71,-6.80,-6.03,-5.63,-5.35,-4.50,-3.66,-2.81,-2.21,-1.73,-1.06,-0.42,0.15,0.58,0.95,1.10,1.16,1.03,1.00,1.01,1.10,1.12,0.94,0.71,0.43,0.42,0.46,0.56,0.48,0.27,0.27,0.37,0.75,0.98,1.08,1.07,1.07,1.23,1.33,1.36,1.37,1.35,1.25,1.17,1.12,1.05,0.93,0.46,0.03,-0.36,-0.51,-0.54,-0.14,0.33,0.92,1.20,1.35,1.25,1.21,1.24,1.31,1.39,1.40,1.38,1.32,1.21,1.08
0.35,0.42,0.41,0.22,0.32,0.57,0.63,0.66,0.62,0.59,0.56,0.47,0.35,0.20,0.30,0.57,0.66,0.69,0.57,0.53,0.55,0.61,0.68,0.75,0.69,0.51,0.25,-0.05,-0.55,-0.91,-1.14,-0.84,-0.40,0.18,0.58,0.78,0.89,0.96,0.99,1.03,1.06,1.10,1.14,1.19,1.16,1.04,0.74,0.40,0.36,0.35,0.39,0.57,0.81,0.88,0.96,1.02,1.07,1.12,1.09,1.08,1.13,0.97,0.71,0.61,0.61,0.83,1.02,1.20,1.20,1.11,0.80,0.59,0.44,0.52,0.61,0.62,0.52,0.32,-0.01,-0.37,-0.81,-1.24,-1.66,-2.36,-3.14,-4.10,-4.99,-5.80,-6.27,-6.76,-7.97,-9.14,-10.25,-11.47,-12.77,-14.63,-15.87,-16.26,-15.64,-14.62,-12.76,-10.93,-9.14,-7.98,-7.05,-5.82,-4.67,-3.64,-2.92,-2.35,-1.66,-1.00,-0.42,0.07,0.50,0.81,1.06,1.13,1.19,1.24,1.17,1.04,0.72,0.42,0.11,0.05,0.02,0.02,-0.17,-0.50,-0.47,-0.29,0.25,0.61,0.81,0.87,0.93,1.10,1.20,1.23,1.21,1.17,1.11,1.10,1.16,1.22,1.22,0.76,0.29,-0.18,-0.30,-0.29,0.07,0.43,0.81,0.93,0.95,0.87,0.88,1.03,1.11,1.15,1.09,1.02,0.95,0.88,0.82
-0.04,0.01,-0.01,-0.19,-0.09,0.16,0.32,0.45,0.50,0.49,0.44,0.30,0.18,0.14,0.27,0.52,0.54,0.50,0.34,0.29,0.32,0.48,0.65,0.83,0.85,0.75,0.49,0.18,-0.26,-0.59,-0.81,-0.58,-0.23,0.22,0.46,0.46,0.43,0.41,0.50,0.62,0.78,0.88,0.95,0.95,0.92,0.82,0.61,0.38,0.40,0.41,0.40,0.52,0.68,0.76,0.84,0.90,0.94,0.97,0.91,0.90,1.00,0.94,0.79,0.77,0.79,0.91,1.03,1.14,1.14,1.07,0.85,0.73,0.69,0.81,0.95,1.07,1.10,1.06,0.79,0.42,-0.24,-1.03,-1.94,-3.12,-4.40,-5.96,-6.51,-6.00,-5.90,-6.09,-7.64,-9.64,-12.17,-15.19,-18.31,-21.08,-22.93,-23.53,-22.73,-21.35,-18.69,-15.80,-12.55,-10.49,-8.89,-7.27,-5.80,-4.56,-3.73,-3.07,-2.27,-1.54,-0.97,-0.47,-0.03,0.38,0.72,0.88,1.01,1.10,0.99,0.80,0.43,0.14,-0.11,-0.18,-0.25,-0.37,-0.68,-1.15,-1.18,-1.02,-0.35,0.14,0.49,0.62,0.71,0.85,1.01,1.17,1.22,1.23,1.20,1.24,1.36,1.49,1.55,1.09,0.60,0.07,-0.07,-0.05,0.21,0.45,0.64,0.66,0.62,0.62,0.72,0.99,1.10,1.13,1.01,0.89,0.78,0.73,0.70
-0.21,-0.12,-0.14,-0.37,-0.27,0.01,0.14,0.23,0.25,0.18,0.06,-0.03,-0.07,0.05,0.23,0.44,0.25,0.03,-0.17,-0.19,-0.08,0.18,0.43,0.62,0.73,0.74,0.56,0.31,-0.02,-0.24,-0.36,-0.18,0.07,0.29,0.36,0.25,0.09,-0.06,-0.04,0.07,0.29,0.36,0.37,0.42,0.47,0.55,0.51,0.44,0.58,0.67,0.65,0.66,0.69,0.72,0.79,0.93,0.90,0.78,0.62,0.58,0.76,0.82,0.81,0.80,0.80,0.79,0.80,0.83,0.83,0.81,0.71,0.71,0.78,0.87,0.98,1.13,1.25,1.34,1.13,0.77,-0.05,-1.09,-2.34,-3.95,-5.53,-6.67,-7.01,-6.51,-6.43,-6.71,-8.62,-11.12,-14.35,-17.87,-21.45,-24.95,-27.08,-27.35,-27.15,-26.65,-24.31,-21.11,-16.60,-13.51,-11.01,-8.98,-7.13,-5.62,-4.62,-3.85,-2.87,-2.00,-1.34,-0.83,-0.39,0.02,0.37,0.59,0.74,0.87,0.78,0.63,0.30,0.07,-0.11,-0.15,-0.24,-0.55,-0.99,-1.53,-1.60,-1.44,-0.70,-0.13,0.29,0.40,0.47,0.61,0.80,1.03,1.14,1.22,1.23,1.29,1.40,1.54,1.64,1.28,0.86,0.35,0.18,0.14,0.32,0.46,0.53,0.51,0.46,0.62,0.85,1.19,1.35,1.43,1.27,1.14,1.02,0.97,0.94
0.06,0.18,0.17,-0.09,-0.02,0.23,0.36,0.39,0.23,-0.01,-0.28,-0.30,-0.23,0.04,0.22,0.34,0.09,-0.19,-0.42,-0.41,-0.22,0.01,0.22,0.33,0.42,0.50,0.41,0.26,-0.00,-0.18,-0.25,-0.08,0.13,0.28,0.28,0.12,-0.08,-0.27,-0.32,-0.26,-0.04,-0.03,-0.08,-0.02,0.11,0.34,0.47,0.58,0.84,1.00,0.97,0.89,0.80,0.84,0.93,1.12,1.08,0.92,0.70,0.61,0.82,0.92,0.96,0.89,0.78,0.62,0.50,0.42,0.42,0.42,0.41,0.46,0.57,0.59,0.61,0.71,0.81,0.92,0.73,0.35,-0.63,-1.86,-3.32,-5.17,-6.91,-7.61,-7.80,-7.45,-7.58,-8.11,-10.55,-13.75,-17.88,-21.75,-25.34,-27.02,-28.73,-30.46,-30.23,-29.22,-26.49,-23.66,-20.66,-17.28,-13.79,-11.13,-8.72,-6.76,-5.56,-4.69,-3.54,-2.50,-1.68,-1.05,-0.52,-0.09,0.28,0.51,0.66,0.78,0.74,0.67,0.52,0.38,0.23,0.17,0.02,-0.44,-0.97,-1.54,-1.54,-1.34,-0.67,-0.16,0.22,0.23,0.21,0.26,0.43,0.70,0.83,0.92,0.97,1.02,1.08,1.23,1.36,1.20,0.93,0.53,0.41,0.38,0.48,0.56,0.58,0.50,0.41,0.63,0.91,1.28,1.44,1.52,1.41,1.30,1.18,1.10,1.04
0.43,0.55,0.53,0.20,0.21,0.41,0.55,0.56,0.27,-0.09,-0.50,-0.52,-0.42,-0.07,0.16,0.32,0.16,-0.05,-0.27,-0.23,0.01,0.15,0.23,0.16,0.17,0.24,0.20,0.10,-0.13,-0.33,-0.48,-0.36,-0.17,0.06,0.13,0.01,-0.16,-0.34,-0.43,-0.40,-0.21,-0.20,-0.24,-0.25,-0.17,0.04,0.27,0.51,0.82,1.01,1.01,0.94,0.85,0.90,1.02,1.25,1.24,1.12,0.88,0.76,0.90,0.95,0.95,0.77,0.58,0.35,0.15,-0.02,-0.07,-0.10,-0.08,-0.02,0.08,0.07,0.06,0.13,0.21,0.29,0.10,-0.31,-1.44,-2.79,-4.34,-6.22,-7.92,-8.42,-8.52,-8.20,-8.58,-9.49,-12.81,-16.85,-21.74,-27.23,-32.24,-31.37,-31.91,-34.34,-32.34,-28.96,-27.22,-25.53,-23.91,-20.56,-16.57,-13.31,-10.36,-7.98,-6.52,-5.47,-4.24,-3.09,-2.13,-1.34,-0.65,-0.18,0.22,0.45,0.61,0.72,0.78,0.80,0.77,0.71,0.63,0.55,0.35,-0.18,-0.70,-1.23,-1.16,-0.93,-0.39,-0.02,0.20,0.11,-0.02,-0.07,0.04,0.30,0.44,0.55,0.60,0.62,0.61,0.74,0.88,0.86,0.73,0.46,0.39,0.39,0.46,0.51,0.51,0.41,0.29,0.52,0.79,1.10,1.24,1.31,1.27,1.20,1.08,0.98,0.88
0.59,0.72,0.64,0.14,0.06,0.21,0.41,0.45,0.11,-0.31,-0.78,-0.84,-0.73,-0.26,0.12,0.42,0.42,0.35,0.22,0.28,0.49,0.53,0.51,0.30,0.18,0.16,0.10,0.02,-0.16,-0.37,-0.62,-0.57,-0.43,-0.11,0.05,0.02,-0.08,-0.20,-0.30,-0.32,-0.22,-0.17,-0.16,-0.27,-0.29,-0.21,0.01,0.29,0.59,0.80,0.86,0.87,0.84,0.93,1.05,1.25,1.26,1.17,0.93,0.76,0.77,0.73,0.67,0.44,0.21,-0.01,-0.24,-0.47,-0.58,-0.64,-0.59,-0.50,-0.38,-0.28,-0.16,0.06,0.19,0.23,0.00,-0.42,-1.55,-2.89,-4.43,-6.17,-7.81,-8.75,-9.11,-8.85,-9.45,-10.68,-14.81,-19.76,-25.69,-28.51,-30.32,-31.10,-32.00,-33.07,-31.69,-29.58,-28.58,-27.68,-26.95,-23.70,-19.47,-15.61,-12.12,-9.28,-7.50,-6.20,-4.90,-3.68,-2.63,-1.66,-0.75,-0.20,0.23,0.43,0.57,0.66,0.67,0.69,0.77,0.78,0.76,0.67,0.49,0.03,-0.39,-0.78,-0.68,-0.47,-0.10,0.11,0.16,-0.06,-0.28,-0.31,-0.17,0.14,0.33,0.47,0.45,0.38,0.25,0.27,0.32,0.36,0.29,0.11,0.05,0.03,0.15,0.23,0.28,0.24,0.19,0.45,0.70,0.94,1.07,1.16,1.16,1.14,1.08,1.01,0.93
0.35,0.41,0.24,-0.41,-0.51,-0.32,0.01,0.13,-0.27,-0.75,-1.30,-1.40,-1.30,-0.66,-0.13,0.33,0.45,0.52,0.50,0.61,0.82,0.83,0.75,0.44,0.21,0.07,0.03,-0.01,-0.15,-0.36,-0.63,-0.64,-0.56,-0.22,-0.01,0.04,-0.02,-0.11,-0.26,-0.30,-0.20,-0.10,-0.02,-0.15,-0.24,-0.27,-0.14,0.05,0.29,0.49,0.61,0.68,0.72,0.81,0.93,1.08,1.08,1.01,0.86,0.73,0.65,0.52,0.38,0.18,-0.02,-0.21,-0.45,-0.73,-0.93,-1.07,-1.07,-0.92,-0.66,-0.33,0.02,0.42,0.60,0.59,0.30,-0.16,-1.16,-2.41,-3.91,-5.56,-7.36,-9.82,-11.04,-10.95,-11.58,-12.90,-17.52,-22.95,-29.36,-30.60,-30.57,-32.33,-33.61,-34.23,-32.99,-31.13,-29.42,-27.98,-26.96,-24.87,-22.29,-18.54,-14.85,-11.29,-8.97,-7.21,-5.78,-4.45,-3.34,-2.23,-1.13,-0.42,0.13,0.34,0.40,0.38,0.32,0.30,0.41,0.46,0.48,0.41,0.27,-0.03,-0.25,-0.42,-0.27,-0.06,0.17,0.23,0.13,-0.16,-0.41,-0.31,-0.03,0.42,0.63,0.75,0.64,0.44,0.16,0.01,-0.09,-0.11,-0.20,-0.36,-0.40,-0.38,-0.23,-0.11,-0.00,0.05,0.11,0.46,0.76,0.98,1.09,1.14,1.14,1.15,1.17,1.16,1.14
-0.19,-0.15,-0.31,-0.90,-0.86,-0.49,-0.03,0.20,-0.11,-0.58,-1.15,-1.37,-1.35,-0.74,-0.23,0.21,0.40,0.53,0.57,0.72,0.95,0.96,0.87,0.50,0.25,0.10,0.15,0.19,0.05,-0.17,-0.47,-0.55,-0.54,-0.19,0.05,0.18,0.11,-0.03,-0.23,-0.27,-0.10,0.08,0.24,0.13,0.04,-0.04,-0.01,0.07,0.26,0.43,0.58,0.66,0.72,0.77,0.84,0.92,0.93,0.90,0.88,0.85,0.77,0.61,0.41,0.25,0.11,-0.03,-0.27,-0.59,-0.92,-1.19,-1.31,-1.08,-0.60,-0.11,0.37,0.82,0.99,0.94,0.55,0.02,-0.93,-2.12,-3.54,-5.23,-7.15,-9.99,-12.45,-14.52,-15.56,-16.88,-21.65,-26.60,-31.77,-33.00,-33.19,-34.21,-34.64,-34.28,-33.47,-32.39,-29.68,-27.42,-25.86,-22.93,-19.45,-16.03,-13.21,-11.44,-9.67,-7.91,-6.41,-5.04,-3.92,-2.69,-1.40,-0.53,0.15,0.41,0.45,0.36,0.24,0.17,0.26,0.29,0.27,0.22,0.14,0.03,-0.02,-0.01,0.18,0.38,0.53,0.49,0.26,-0.10,-0.38,-0.13,0.26,0.79,0.98,1.06,0.94,0.75,0.47,0.27,0.08,-0.06,-0.19,-0.31,-0.23,-0.10,-0.02,0.04,0.08,0.17,0.31,0.71,1.04,1.26,1.29,1.23,1.21,1.21,1.28,1.32,1.35
-0.66,-0.54,-0.59,-0.97,-0.77,-0.25,0.25,0.56,0.37,-0.06,-0.63,-0.94,-1.04,-0.58,-0.18,0.17,0.36,0.51,0.57,0.70,0.89,0.90,0.82,0.46,0.27,0.23,0.33,0.40,0.25,0.03,-0.26,-0.40,-0.45,-0.09,0.18,0.34,0.23,0.05,-0.19,-0.25,-0.06,0.13,0.31,0.23,0.14,0.06,0.03,0.03,0.20,0.38,0.59,0.69,0.75,0.72,0.68,0.61,0.64,0.72,0.82,0.89,0.89,0.75,0.55,0.44,0.36,0.32,0.08,-0.28,-0.73,-1.13,-1.37,-1.12,-0.53,-0.01,0.47,0.85,0.94,0.80,0.32,-0.31,-1.29,-2.49,-3.89,-5.62,-7.56,-10.29,-13.76,-18.03,-20.06,-22.00,-26.81,-30.42,-32.59,-33.24,-33.49,-34.02,-34.47,-34.80,-33.97,-32.62,-29.64,-26.88,-24.45,-21.23,-17.69,-14.29,-11.68,-10.45,-9.44,-8.52,-6.97,-5.55,-4.38,-3.07,-1.70,-0.74,0.03,0.42,0.53,0.47,0.32,0.23,0.32,0.31,0.22,0.19,0.16,0.15,0.18,0.23,0.39,0.55,0.62,0.49,0.20,-0.16,-0.41,-0.07,0.34,0.81,1.00,1.11,1.06,0.95,0.79,0.66,0.53,0.33,0.21,0.19,0.35,0.55,0.52,0.46,0.36,0.38,0.47,0.81,1.10,1.29,1.26,1.14,1.09,1.10,1.22,1.30,1.37
-0.81,-0.62,-0.56,-0.78,-0.51,0.03,0.53,0.84,0.69,0.31,-0.19,-0.51,-0.65,-0.35,-0.08,0.16,0.33,0.46,0.48,0.57,0.72,0.70,0.61,0.30,0.14,0.13,0.21,0.26,0.14,-0.04,-0.29,-0.39,-0.39,-0.00,0.28,0.44,0.36,0.21,-0.02,-0.12,-0.04,0.12,0.28,0.16,0.07,0.02,-0.03,-0.07,0.11,0.32,0.58,0.75,0.86,0.76,0.64,0.45,0.48,0.61,0.75,0.87,0.93,0.87,0.74,0.67,0.63,0.69,0.50,0.14,-0.38,-0.85,-1.16,-0.97,-0.41,0.06,0.48,0.73,0.70,0.43,-0.17,-0.89,-1.91,-3.18,-4.67,-6.53,-8.61,-11.47,-15.06,-19.43,-22.36,-25.17,-29.50,-32.47,-33.80,-33.21,-32.30,-33.43,-34.08,-34.09,-33.22,-31.96,-29.49,-26.68,-23.35,-19.97,-16.60,-13.62,-11.38,-10.41,-9.66,-8.98,-7.32,-5.83,-4.66,-3.33,-1.93,-0.97,-0.15,0.35,0.57,0.61,0.46,0.36,0.44,0.42,0.32,0.28,0.26,0.33,0.35,0.35,0.46,0.56,0.56,0.38,0.03,-0.26,-0.42,-0.03,0.34,0.68,0.83,0.93,0.89,0.85,0.82,0.80,0.77,0.57,0.47,0.51,0.72,0.94,0.87,0.73,0.50,0.42,0.42,0.64,0.83,0.95,0.94,0.87,0.84,0.88,1.06,1.19,1.29
-0.72,-0.51,-0.42,-0.57,-0.33,0.11,0.54,0.80,0.66,0.38,0.01,-0.28,-0.46,-0.35,-0.18,0.05,0.19,0.31,0.36,0.44,0.56,0.48,0.34,0.05,-0.15,-0.27,-0.24,-0.22,-0.31,-0.42,-0.56,-0.54,-0.45,-0.07,0.20,0.33,0.28,0.18,0.01,-0.06,-0.02,0.07,0.15,0.03,-0.05,-0.07,-0.07,-0.05,0.11,0.33,0.62,0.85,1.05,0.91,0.76,0.60,0.63,0.74,0.85,0.94,0.99,0.95,0.85,0.80,0.79,0.87,0.73,0.44,-0.01,-0.45,-0.77,-0.61,-0.11,0.24,0.52,0.66,0.49,0.08,-0.63,-1.45,-2.54,-3.97,-5.70,-7.81,-10.14,-13.28,-16.81,-20.76,-22.48,-24.20,-29.36,-32.15,-32.11,-31.67,-31.15,-30.94,-31.05,-31.57,-31.64,-31.43,-29.55,-26.66,-22.21,-18.76,-15.71,-13.17,-11.19,-10.22,-9.72,-9.41,-7.68,-6.13,-4.92,-3.60,-2.22,-1.23,-0.37,0.22,0.54,0.70,0.54,0.44,0.52,0.52,0.46,0.41,0.39,0.46,0.48,0.47,0.55,0.61,0.58,0.39,0.06,-0.20,-0.32,0.07,0.36,0.54,0.60,0.62,0.50,0.44,0.45,0.49,0.51,0.33,0.25,0.32,0.55,0.80,0.75,0.60,0.33,0.19,0.13,0.32,0.48,0.57,0.61,0.63,0.64,0.72,0.90,1.04,1.16
-0.58,-0.35,-0.23,-0.34,-0.19,0.09,0.37,0.55,0.45,0.29,0.09,-0.18,-0.40,-0.48,-0.39,-0.20,-0.03,0.14,0.29,0.43,0.55,0.42,0.23,-0.05,-0.27,-0.45,-0.45,-0.46,-0.58,-0.65,-0.67,-0.61,-0.49,-0.21,-0.02,0.04,-0.01,-0.10,-0.20,-0.21,-0.09,-0.03,0.00,-0.08,-0.11,-0.04,0.02,0.08,0.23,0.41,0.63,0.84,1.04,0.90,0.78,0.70,0.75,0.85,0.93,0.98,0.95,0.85,0.72,0.69,0.69,0.76,0.67,0.50,0.14,-0.20,-0.47,-0.31,0.17,0.38,0.51,0.48,0.12,-0.49,-1.30,-2.22,-3.42,-5.07,-7.13,-9.63,-12.32,-15.58,-17.86,-19.09,-20.47,-22.35,-27.24,-29.97,-30.13,-30.01,-29.72,-28.49,-28.11,-28.89,-28.87,-28.61,-28.82,-27.05,-22.24,-18.91,-16.16,-13.62,-11.60,-10.49,-9.89,-9.50,-7.90,-6.43,-5.21,-3.91,-2.57,-1.54,-0.63,0.00,0.34,0.50,0.39,0.32,0.42,0.49,0.53,0.57,0.61,0.62,0.61,0.60,0.73,0.82,0.75,0.57,0.30,0.05,-0.07,0.32,0.57,0.68,0.64,0.56,0.39,0.27,0.22,0.23,0.21,0.02,-0.05,0.04,0.24,0.45,0.49,0.39,0.10,-0.04,-0.12,0.12,0.32,0.45,0.50,0.54,0.60,0.68,0.78,0.86,0.92
-0.54,-0.30,-0.15,-0.18,-0.09,0.07,0.23,0.34,0.32,0.24,0.13,-0.19,-0.51,-0.81,-0.85,-0.69,-0.45,-0.20,0.05,0.27,0.47,0.35,0.19,0.01,-0.15,-0.28,-0.27,-0.27,-0.40,-0.43,-0.36,-0.29,-0.21,-0.06,-0.03,-0.14,-0.22,-0.28,-0.30,-0.23,-0.03,0.04,0.05,0.00,0.04,0.19,0.28,0.34,0.43,0.53,0.64,0.71,0.76,0.62,0.52,0.49,0.57,0.72,0.81,0.85,0.76,0.63,0.48,0.44,0.44,0.53,0.49,0.38,0.15,-0.08,-0.29,-0.09,0.39,0.51,0.51,0.24,-0.31,-1.09,-2.07,-3.15,-4.54,-6.41,-8.74,-11.48,-14.02,-15.11,-16.41,-17.93,-19.41,-21.25,-25.59,-28.51,-29.71,-29.55,-28.98,-28.13,-27.96,-28.74,-28.82,-28.69,-28.69,-27.01,-22.77,-19.83,-17.39,-14.81,-12.73,-11.55,-10.68,-9.94,-8.11,-6.48,-5.28,-4.04,-2.79,-1.78,-0.88,-0.21,0.12,0.26,0.21,0.20,0.35,0.48,0.61,0.74,0.83,0.80,0.75,0.68,0.77,0.85,0.84,0.71,0.47,0.29,0.21,0.60,0.85,0.98,0.93,0.83,0.66,0.54,0.48,0.46,0.42,0.22,0.14,0.21,0.30,0.39,0.40,0.32,0.10,-0.02,-0.10,0.13,0.31,0.39,0.48,0.57,0.59,0.62,0.66,0.66,0.64
-0.32,-0.09,0.08,0.13,0.18,0.24,0.30,0.36,0.37,0.30,0.17,-0.23,-0.68,-1.22,-1.40,-1.32,-0.90,-0.48,-0.17,0.04,0.16,0.05,-0.08,-0.17,-0.21,-0.21,-0.20,-0.23,-0.36,-0.32,-0.10,-0.01,0.05,0.13,0.06,-0.20,-0.30,-0.34,-0.19,-0.01,0.22,0.30,0.33,0.27,0.34,0.57,0.69,0.77,0.78,0.78,0.78,0.69,0.57,0.42,0.33,0.34,0.46,0.64,0.72,0.76,0.71,0.61,0.49,0.46,0.49,0.67,0.68,0.59,0.44,0.27,0.10,0.21,0.54,0.52,0.36,-0.13,-0.84,-1.75,-2.92,-4.20,-5.84,-7.85,-10.22,-11.31,-12.13,-12.80,-14.27,-16.60,-18.30,-20.23,-24.59,-27.55,-28.81,-28.55,-27.85,-27.15,-27.24,-28.41,-28.56,-28.43,-29.07,-27.70,-23.24,-20.52,-18.48,-16.06,-14.06,-12.79,-11.33,-9.79,-7.94,-6.31,-5.10,-3.91,-2.72,-1.84,-1.03,-0.35,-0.00,0.16,0.11,0.12,0.28,0.43,0.58,0.72,0.82,0.76,0.69,0.60,0.69,0.81,0.89,0.84,0.67,0.57,0.56,0.90,1.10,1.17,1.14,1.07,0.87,0.76,0.76,0.76,0.75,0.63,0.60,0.68,0.64,0.56,0.47,0.36,0.20,0.09,0.01,0.18,0.31,0.35,0.44,0.56,0.60,0.64,0.68,0.65,0.57
0.13,0.32,0.48,0.57,0.59,0.58,0.52,0.46,0.42,0.30,0.14,-0.34,-0.89,-1.58,-1.78,-1.65,-1.09,-0.57,-0.29,-0.21,-0.31,-0.44,-0.54,-0.52,-0.48,-0.42,-0.51,-0.64,-0.79,-0.72,-0.43,-0.23,-0.09,-0.06,-0.17,-0.43,-0.42,-0.31,0.01,0.27,0.46,0.50,0.49,0.41,0.46,0.69,0.83,0.93,0.88,0.84,0.80,0.69,0.57,0.50,0.49,0.60,0.74,0.90,0.90,0.90,0.88,0.83,0.75,0.71,0.74,0.94,0.98,0.92,0.77,0.62,0.44,0.41,0.49,0.36,0.12,-0.43,-1.21,-2.18,-3.47,-4.91,-6.74,-8.81,-11.10,-11.41,-11.47,-12.24,-13.99,-16.78,-18.59,-20.43,-24.06,-27.36,-30.27,-30.02,-28.91,-28.27,-28.41,-29.61,-30.00,-30.19,-31.42,-30.30,-25.57,-22.95,-21.14,-18.83,-16.41,-13.81,-11.27,-8.77,-7.03,-5.49,-4.33,-3.25,-2.22,-1.51,-0.85,-0.28,0.02,0.17,0.11,0.08,0.20,0.34,0.48,0.61,0.71,0.72,0.67,0.59,0.74,0.91,1.08,1.06,0.87,0.78,0.77,1.01,1.12,1.09,1.08,1.04,0.81,0.71,0.76,0.86,0.95,0.94,0.97,1.05,0.93,0.76,0.63,0.50,0.36,0.28,0.23,0.37,0.46,0.45,0.56,0.71,0.82,0.91,0.96,0.88,0.73
0.63,0.78,0.91,0.97,0.93,0.83,0.68,0.54,0.44,0.31,0.16,-0.29,-0.83,-1.52,-1.73,-1.58,-1.08,-0.62,-0.41,-0.40,-0.57,-0.62,-0.62,-0.45,-0.36,-0.35,-0.55,-0.81,-1.08,-1.06,-0.72,-0.50,-0.31,-0.21,-0.24,-0.43,-0.36,-0.19,0.09,0.29,0.39,0.30,0.14,0.03,0.07,0.32,0.50,0.66,0.64,0.62,0.60,0.61,0.65,0.71,0.82,1.01,1.09,1.13,1.03,0.97,1.00,0.97,0.92,0.87,0.87,1.01,1.05,1.01,0.86,0.68,0.46,0.40,0.45,0.28,0.03,-0.35,-1.00,-1.89,-3.14,-4.54,-6.36,-8.58,-11.19,-11.69,-11.89,-12.65,-14.61,-17.84,-19.41,-20.89,-24.32,-28.36,-33.12,-33.53,-32.75,-32.43,-32.87,-34.36,-33.97,-33.07,-33.84,-32.40,-27.58,-24.13,-21.24,-18.62,-15.66,-12.10,-9.43,-7.17,-5.66,-4.28,-3.18,-2.26,-1.44,-0.80,-0.24,0.16,0.37,0.46,0.41,0.39,0.45,0.57,0.73,0.79,0.82,0.76,0.73,0.71,0.83,0.98,1.14,1.09,0.85,0.73,0.68,0.86,0.92,0.85,0.83,0.77,0.52,0.44,0.55,0.76,0.98,1.06,1.15,1.23,1.10,0.91,0.81,0.69,0.56,0.48,0.43,0.57,0.64,0.62,0.77,0.98,1.15,1.27,1.27,1.13,0.92
0.90,0.98,1.04,1.06,0.95,0.78,0.58,0.44,0.40,0.31,0.19,-0.17,-0.57,-1.09,-1.25,-1.15,-0.82,-0.53,-0.45,-0.51,-0.69,-0.54,-0.35,-0.14,-0.03,-0.01,-0.33,-0.71,-1.17,-1.23,-0.89,-0.61,-0.37,-0.22,-0.21,-0.38,-0.34,-0.23,-0.01,0.13,0.17,-0.02,-0.28,-0.40,-0.34,-0.00,0.22,0.40,0.42,0.43,0.40,0.49,0.64,0.79,0.93,1.03,1.01,0.94,0.79,0.74,0.89,0.97,1.00,0.97,0.96,1.01,0.98,0.91,0.78,0.62,0.39,0.30,0.33,0.27,0.17,-0.05,-0.54,-1.27,-2.43,-3.74,-5.45,-7.59,-10.12,-10.83,-11.26,-12.14,-14.17,-17.44,-19.24,-21.03,-25.15,-29.29,-33.46,-35.79,-37.39,-37.12,-37.33,-38.20,-36.54,-34.15,-33.31,-30.53,-24.75,-21.49,-19.21,-16.77,-13.93,-10.38,-7.90,-5.93,-4.55,-3.29,-2.27,-1.42,-0.65,-0.13,0.31,0.59,0.74,0.81,0.82,0.83,0.84,0.89,0.98,0.95,0.88,0.72,0.67,0.69,0.78,0.88,0.97,0.87,0.63,0.49,0.44,0.68,0.80,0.80,0.75,0.66,0.40,0.35,0.54,0.76,0.97,1.04,1.10,1.13,1.02,0.88,0.84,0.75,0.57,0.47,0.42,0.58,0.67,0.66,0.80,1.01,1.21,1.33,1.29,1.11,0.85
0.77,0.81,0.84,0.84,0.73,0.57,0.39,0.29,0.39,0.37,0.28,0.09,-0.15,-0.48,-0.63,-0.65,-0.45,-0.30,-0.40,-0.56,-0.77,-0.48,-0.16,0.04,0.17,0.23,-0.14,-0.59,-1.13,-1.22,-0.87,-0.55,-0.25,-0.02,0.03,-0.12,-0.13,-0.09,0.05,0.15,0.20,0.01,-0.25,-0.33,-0.22,0.16,0.34,0.44,0.48,0.48,0.40,0.46,0.59,0.79,0.91,0.85,0.76,0.65,0.51,0.51,0.81,1.01,1.15,1.15,1.14,1.14,1.04,0.89,0.80,0.66,0.39,0.28,0.28,0.31,0.29,0.11,-0.33,-0.99,-2.07,-3.33,-5.04,-7.09,-9.46,-10.81,-11.93,-12.86,-14.82,-17.86,-20.10,-22.57,-27.76,-32.24,-35.86,-37.24,-37.86,-37.34,-36.73,-35.98,-34.00,-31.67,-30.26,-27.16,-21.46,-18.59,-16.81,-14.68,-12.14,-8.89,-6.66,-4.91,-3.69,-2.55,-1.60,-0.88,-0.29,0.13,0.48,0.70,0.84,0.94,1.02,1.08,1.09,1.11,1.12,1.01,0.86,0.66,0.60,0.65,0.75,0.84,0.85,0.71,0.43,0.32,0.32,0.67,0.88,0.93,0.89,0.79,0.52,0.49,0.72,0.91,1.06,1.05,1.05,1.04,0.91,0.76,0.77,0.70,0.50,0.39,0.34,0.50,0.60,0.62,0.72,0.87,1.05,1.15,1.10,0.89,0.61
0.50,0.54,0.57,0.57,0.52,0.43,0.31,0.29,0.49,0.54,0.51,0.46,0.35,0.08,-0.12,-0.27,-0.18,-0.16,-0.42,-0.73,-1.08,-0.81,-0.49,-0.30,-0.15,-0.04,-0.35,-0.76,-1.30,-1.38,-0.98,-0.62,-0.29,-0.03,0.04,-0.11,-0.17,-0.17,-0.03,0.12,0.27,0.16,-0.01,0.03,0.19,0.51,0.61,0.62,0.62,0.56,0.43,0.47,0.58,0.75,0.81,0.68,0.54,0.41,0.26,0.29,0.67,0.90,1.03,1.08,1.13,1.16,1.07,0.91,0.84,0.74,0.49,0.36,0.31,0.33,0.30,0.06,-0.39,-1.02,-2.15,-3.44,-5.10,-7.03,-9.23,-11.74,-14.16,-15.85,-18.11,-20.96,-23.58,-26.45,-31.35,-35.16,-37.67,-36.83,-35.14,-34.43,-33.64,-32.75,-31.02,-29.02,-27.18,-23.95,-18.56,-15.99,-14.52,-12.90,-10.77,-7.75,-5.71,-4.11,-3.06,-2.09,-1.25,-0.71,-0.31,-0.00,0.26,0.40,0.54,0.68,0.82,0.93,0.98,1.01,1.04,0.91,0.77,0.64,0.62,0.68,0.80,0.89,0.83,0.61,0.25,0.16,0.20,0.59,0.82,0.88,0.84,0.75,0.47,0.46,0.74,0.93,1.08,0.99,0.95,0.95,0.84,0.71,0.76,0.71,0.49,0.35,0.26,0.37,0.46,0.50,0.58,0.67,0.79,0.85,0.78,0.55,0.24
0.33,0.35,0.37,0.38,0.41,0.45,0.38,0.39,0.61,0.69,0.69,0.74,0.70,0.42,0.18,-0.03,-0.02,-0.05,-0.30,-0.61,-0.98,-0.87,-0.71,-0.59,-0.43,-0.24,-0.47,-0.81,-1.35,-1.46,-1.11,-0.74,-0.40,-0.20,-0.18,-0.36,-0.46,-0.51,-0.28,-0.05,0.17,0.16,0.10,0.24,0.40,0.59,0.64,0.63,0.60,0.53,0.39,0.46,0.62,0.67,0.66,0.55,0.39,0.20,0.04,0.07,0.50,0.72,0.82,0.93,1.03,1.12,1.09,0.99,0.92,0.80,0.56,0.39,0.26,0.18,0.08,-0.17,-0.66,-1.33,-2.48,-3.75,-5.22,-6.97,-8.99,-11.27,-13.81,-17.42,-20.18,-22.04,-24.33,-26.79,-29.62,-33.05,-37.20,-36.80,-35.08,-33.18,-31.65,-30.62,-28.37,-25.77,-23.75,-20.70,-16.05,-13.81,-12.54,-11.60,-9.97,-7.14,-5.21,-3.68,-2.65,-1.75,-1.09,-0.71,-0.48,-0.23,-0.02,0.11,0.24,0.38,0.52,0.63,0.67,0.75,0.85,0.83,0.78,0.67,0.64,0.68,0.80,0.89,0.79,0.52,0.11,-0.03,-0.03,0.37,0.58,0.60,0.53,0.42,0.13,0.13,0.44,0.68,0.86,0.76,0.73,0.78,0.78,0.77,0.85,0.81,0.61,0.43,0.27,0.32,0.37,0.42,0.44,0.45,0.54,0.54,0.39,0.14,-0.17
0.22,0.23,0.22,0.18,0.28,0.45,0.36,0.35,0.51,0.57,0.55,0.63,0.65,0.43,0.18,-0.08,-0.05,-0.03,-0.15,-0.32,-0.53,-0.52,-0.47,-0.42,-0.27,-0.05,-0.28,-0.64,-1.19,-1.31,-0.99,-0.68,-0.40,-0.28,-0.34,-0.60,-0.73,-0.78,-0.53,-0.28,-0.04,0.03,0.06,0.20,0.31,0.38,0.40,0.41,0.36,0.28,0.17,0.29,0.52,0.51,0.47,0.38,0.20,-0.03,-0.21,-0.17,0.35,0.61,0.72,0.85,0.97,1.06,1.05,0.98,0.88,0.73,0.43,0.18,-0.04,-0.15,-0.29,-0.55,-0.99,-1.58,-2.60,-3.72,-4.97,-6.49,-8.25,-10.31,-12.61,-15.86,-18.74,-21.25,-23.53,-25.68,-27.34,-29.18,-31.25,-32.81,-33.88,-31.84,-30.21,-29.14,-26.27,-22.86,-20.23,-17.21,-13.59,-11.89,-10.97,-10.54,-9.34,-6.81,-4.95,-3.41,-2.34,-1.44,-0.90,-0.58,-0.40,-0.14,0.08,0.21,0.36,0.50,0.53,0.54,0.51,0.57,0.68,0.72,0.71,0.56,0.49,0.49,0.56,0.59,0.45,0.18,-0.22,-0.38,-0.40,0.06,0.29,0.31,0.19,0.02,-0.26,-0.28,-0.01,0.24,0.45,0.38,0.38,0.46,0.59,0.74,0.84,0.82,0.61,0.41,0.21,0.27,0.32,0.37,0.39,0.39,0.44,0.38,0.13,-0.15,-0.43
-0.09,-0.10,-0.14,-0.23,-0.06,0.24,0.16,0.13,0.21,0.21,0.14,0.26,0.32,0.15,-0.10,-0.39,-0.26,-0.12,-0.09,-0.09,-0.11,-0.10,-0.09,-0.12,0.01,0.27,0.04,-0.30,-0.81,-0.90,-0.56,-0.26,0.01,0.08,-0.02,-0.34,-0.50,-0.58,-0.40,-0.23,-0.05,0.07,0.15,0.19,0.21,0.22,0.18,0.13,0.13,0.11,0.03,0.15,0.36,0.43,0.45,0.36,0.21,0.04,-0.12,-0.06,0.47,0.75,0.90,0.98,1.04,1.09,1.03,0.90,0.78,0.60,0.24,-0.02,-0.21,-0.32,-0.42,-0.57,-0.82,-1.16,-2.09,-3.12,-4.21,-5.48,-6.91,-8.73,-10.76,-13.39,-16.72,-20.77,-22.82,-24.29,-25.16,-26.11,-27.18,-29.62,-32.07,-31.29,-30.86,-30.92,-26.74,-21.30,-17.90,-14.76,-12.01,-10.84,-10.29,-9.90,-8.84,-6.64,-4.81,-3.15,-2.04,-1.13,-0.63,-0.30,-0.08,0.19,0.43,0.58,0.73,0.90,0.80,0.68,0.53,0.48,0.49,0.52,0.50,0.29,0.18,0.13,0.14,0.12,-0.00,-0.21,-0.49,-0.65,-0.66,-0.10,0.23,0.34,0.18,-0.05,-0.32,-0.41,-0.29,-0.11,0.07,0.03,0.04,0.10,0.32,0.57,0.72,0.71,0.49,0.29,0.11,0.22,0.34,0.46,0.53,0.57,0.59,0.51,0.24,-0.03,-0.29
-0.57,-0.63,-0.73,-0.88,-0.71,-0.36,-0.37,-0.35,-0.26,-0.25,-0.29,-0.12,-0.02,-0.19,-0.46,-0.79,-0.63,-0.44,-0.32,-0.22,-0.12,-0.10,-0.10,-0.15,-0.02,0.26,0.10,-0.18,-0.66,-0.73,-0.38,-0.05,0.25,0.38,0.31,0.01,-0.20,-0.35,-0.23,-0.10,0.07,0.19,0.27,0.19,0.13,0.08,0.01,-0.06,0.03,0.07,0.02,0.10,0.25,0.44,0.56,0.53,0.43,0.29,0.16,0.20,0.63,0.86,0.99,1.00,1.00,1.00,0.88,0.67,0.53,0.33,-0.05,-0.28,-0.40,-0.32,-0.27,-0.36,-0.52,-0.75,-1.60,-2.56,-3.55,-4.54,-5.51,-6.98,-8.65,-10.82,-13.75,-17.49,-20.25,-22.52,-23.13,-24.02,-25.26,-27.35,-29.37,-28.48,-28.20,-28.72,-25.34,-20.69,-16.84,-13.74,-11.77,-11.01,-10.69,-9.69,-8.29,-6.22,-4.44,-2.80,-1.68,-0.78,-0.33,-0.04,0.17,0.44,0.67,0.81,0.96,1.11,0.97,0.79,0.49,0.34,0.29,0.34,0.34,0.16,0.03,-0.05,-0.02,-0.01,-0.08,-0.24,-0.46,-0.60,-0.61,-0.08,0.33,0.60,0.49,0.28,-0.01,-0.18,-0.24,-0.14,-0.02,-0.09,-0.10,-0.04,0.20,0.50,0.68,0.70,0.48,0.26,0.05,0.21,0.39,0.61,0.71,0.75,0.77,0.71,0.49,0.24,-0.03
-0.39,-0.51,-0.70,-1.00,-0.96,-0.74,-0.69,-0.63,-0.48,-0.39,-0.34,-0.05,0.13,-0.03,-0.29,-0.62,-0.49,-0.35,-0.27,-0.19,-0.12,-0.14,-0.18,-0.22,-0.11,0.12,-0.03,-0.29,-0.81,-0.93,-0.67,-0.33,0.02,0.28,0.33,0.16,-0.05,-0.25,-0.16,-0.03,0.16,0.26,0.31,0.23,0.12,-0.00,-0.08,-0.13,0.02,0.10,0.07,0.12,0.19,0.41,0.59,0.70,0.67,0.57,0.43,0.42,0.67,0.84,0.95,0.93,0.90,0.86,0.71,0.48,0.30,0.08,-0.28,-0.50,-0.60,-0.37,-0.15,-0.07,-0.14,-0.34,-1.09,-1.93,-2.80,-3.58,-4.26,-5.40,-6.73,-8.60,-10.91,-13.70,-16.99,-20.13,-21.53,-22.85,-24.07,-25.84,-27.40,-25.68,-24.64,-24.54,-22.63,-20.04,-16.53,-13.81,-12.29,-11.79,-11.60,-9.16,-6.96,-5.20,-3.66,-2.23,-1.19,-0.38,-0.04,0.14,0.22,0.40,0.58,0.71,0.84,0.98,0.91,0.77,0.49,0.33,0.27,0.39,0.46,0.32,0.22,0.15,0.25,0.34,0.31,0.19,-0.02,-0.23,-0.31,0.14,0.53,0.85,0.80,0.65,0.35,0.12,-0.03,0.04,0.16,0.10,0.10,0.17,0.42,0.72,0.88,0.89,0.70,0.44,0.18,0.29,0.45,0.71,0.81,0.85,0.94,0.96,0.87,0.68,0.45
0.07,-0.09,-0.35,-0.78,-0.90,-0.84,-0.85,-0.80,-0.62,-0.47,-0.34,0.06,0.35,0.28,0.11,-0.13,-0.08,-0.01,-0.01,-0.01,-0.00,-0.04,-0.08,-0.12,-0.05,0.12,-0.07,-0.39,-0.97,-1.21,-1.09,-0.76,-0.38,0.02,0.19,0.11,-0.10,-0.31,-0.28,-0.17,0.04,0.16,0.24,0.19,0.09,-0.07,-0.15,-0.19,-0.05,0.00,-0.09,-0.18,-0.25,-0.09,0.12,0.45,0.55,0.53,0.36,0.30,0.48,0.62,0.75,0.73,0.69,0.60,0.42,0.19,-0.04,-0.31,-0.71,-0.94,-1.04,-0.71,-0.35,-0.07,-0.04,-0.20,-0.83,-1.53,-2.18,-2.74,-3.20,-4.02,-4.99,-6.42,-8.13,-10.15,-12.32,-14.53,-16.82,-18.77,-20.28,-20.32,-19.88,-18.97,-18.20,-17.62,-17.07,-16.47,-14.99,-13.41,-11.69,-10.47,-9.41,-7.30,-5.43,-3.96,-2.66,-1.45,-0.62,0.00,0.20,0.22,0.15,0.22,0.30,0.42,0.57,0.73,0.76,0.72,0.50,0.36,0.27,0.42,0.51,0.37,0.28,0.24,0.42,0.59,0.61,0.52,0.36,0.09,-0.08,0.27,0.58,0.86,0.83,0.71,0.46,0.21,-0.03,0.04,0.17,0.15,0.18,0.28,0.54,0.82,0.91,0.89,0.73,0.47,0.18,0.24,0.35,0.56,0.65,0.70,0.85,0.94,0.93,0.85,0.72
0.22,0.06,-0.23,-0.80,-1.02,-1.06,-1.13,-1.12,-0.93,-0.72,-0.50,-0.04,0.33,0.38,0.30,0.12,0.13,0.14,0.09,0.04,-0.02,-0.01,0.00,-0.01,0.05,0.17,-0.08,-0.44,-1.07,-1.37,-1.33,-1.00,-0.61,-0.12,0.11,0.04,-0.17,-0.40,-0.45,-0.37,-0.13,0.09,0.29,0.25,0.17,0.03,-0.07,-0.14,-0.10,-0.14,-0.32,-0.57,-0.85,-0.74,-0.47,0.10,0.36,0.47,0.30,0.23,0.37,0.50,0.61,0.54,0.44,0.30,0.09,-0.15,-0.40,-0.72,-1.21,-1.53,-1.74,-1.40,-0.99,-0.56,-0.32,-0.24,-0.70,-1.21,-1.58,-1.91,-2.19,-2.71,-3.34,-4.29,-5.49,-6.94,-8.30,-9.70,-11.40,-13.03,-14.58,-14.64,-14.23,-13.40,-12.62,-11.90,-11.18,-10.46,-9.59,-8.61,-7.48,-6.73,-6.11,-4.83,-3.62,-2.51,-1.57,-0.70,-0.09,0.33,0.40,0.33,0.18,0.10,0.08,0.18,0.35,0.56,0.62,0.60,0.43,0.26,0.09,0.17,0.22,0.15,0.12,0.13,0.37,0.59,0.62,0.62,0.58,0.29,0.06,0.29,0.49,0.67,0.63,0.54,0.41,0.20,-0.11,-0.08,0.03,0.05,0.13,0.27,0.49,0.71,0.72,0.67,0.53,0.29,0.04,0.06,0.11,0.24,0.33,0.41,0.60,0.74,0.78,0.77,0.72
0.04,-0.14,-0.48,-1.17,-1.46,-1.53,-1.63,-1.64,-1.43,-1.19,-0.92,-0.38,0.06,0.20,0.16,0.00,0.02,0.02,-0.11,-0.23,-0.34,-0.30,-0.24,-0.26,-0.22,-0.13,-0.38,-0.75,-1.35,-1.63,-1.58,-1.26,-0.86,-0.32,-0.07,-0.15,-0.39,-0.67,-0.78,-0.72,-0.43,-0.10,0.23,0.22,0.18,0.07,-0.09,-0.25,-0.32,-0.44,-0.64,-0.98,-1.38,-1.19,-0.81,-0.06,0.36,0.62,0.47,0.39,0.44,0.54,0.66,0.51,0.35,0.15,-0.09,-0.35,-0.63,-0.98,-1.53,-1.95,-2.26,-2.03,-1.69,-1.17,-0.73,-0.36,-0.50,-0.73,-0.91,-1.08,-1.22,-1.53,-1.93,-2.61,-3.48,-4.56,-5.53,-6.50,-7.62,-8.83,-10.14,-10.19,-9.83,-8.93,-8.09,-7.34,-6.62,-5.92,-5.34,-4.70,-3.97,-3.56,-3.27,-2.65,-2.00,-1.29,-0.72,-0.22,0.16,0.41,0.40,0.28,0.11,-0.02,-0.08,0.01,0.22,0.49,0.52,0.48,0.27,0.04,-0.21,-0.24,-0.26,-0.29,-0.25,-0.15,0.12,0.36,0.45,0.52,0.56,0.31,0.08,0.16,0.22,0.26,0.24,0.22,0.24,0.11,-0.19,-0.21,-0.15,-0.05,0.07,0.21,0.36,0.50,0.45,0.36,0.22,0.04,-0.14,-0.15,-0.13,-0.08,0.02,0.14,0.34,0.48,0.55,0.53,0.46
0.10,-0.13,-0.54,-1.35,-1.71,-1.83,-1.92,-1.92,-1.72,-1.44,-1.10,-0.52,-0.04,0.11,0.12,0.01,0.09,0.11,-0.07,-0.28,-0.51,-0.53,-0.52,-0.56,-0.53,-0.45,-0.68,-1.00,-1.51,-1.73,-1.67,-1.35,-0.95,-0.44,-0.20,-0.27,-0.59,-0.94,-1.05,-0.95,-0.59,-0.24,0.08,0.07,0.02,-0.12,-0.36,-0.63,-0.75,-0.91,-1.12,-1.42,-1.76,-1.47,-1.00,-0.17,0.32,0.64,0.55,0.50,0.56,0.67,0.79,0.62,0.41,0.14,-0.09,-0.31,-0.54,-0.88,-1.50,-1.99,-2.38,-2.34,-2.14,-1.58,-1.01,-0.44,-0.31,-0.27,-0.35,-0.42,-0.50,-0.69,-0.95,-1.42,-2.04,-2.85,-3.56,-4.27,-5.03,-5.87,-6.81,-6.85,-6.59,-5.88,-5.18,-4.47,-3.85,-3.27,-2.89,-2.50,-2.09,-1.90,-1.77,-1.43,-1.04,-0.58,-0.24,0.03,0.24,0.35,0.28,0.16,0.02,-0.09,-0.14,-0.07,0.17,0.50,0.56,0.53,0.33,0.05,-0.28,-0.46,-0.58,-0.61,-0.54,-0.40,-0.06,0.24,0.35,0.47,0.59,0.41,0.22,0.18,0.12,0.03,0.01,0.01,0.12,0.04,-0.25,-0.28,-0.23,-0.09,0.07,0.24,0.37,0.47,0.43,0.38,0.30,0.17,0.02,-0.03,-0.06,-0.07,0.01,0.12,0.30,0.46,0.57,0.52,0.39
0.32,0.13,-0.22,-0.93,-1.26,-1.38,-1.55,-1.63,-1.49,-1.24,-0.91,-0.35,0.11,0.24,0.29,0.30,0.47,0.57,0.35,0.03,-0.39,-0.52,-0.59,-0.61,-0.60,-0.56,-0.77,-1.04,-1.42,-1.56,-1.47,-1.13,-0.74,-0.29,-0.10,-0.20,-0.55,-0.93,-1.00,-0.89,-0.55,-0.31,-0.13,-0.21,-0.32,-0.47,-0.77,-1.10,-1.27,-1.45,-1.65,-1.83,-1.99,-1.68,-1.21,-0.45,-0.02,0.24,0.25,0.31,0.51,0.65,0.77,0.60,0.38,0.04,-0.17,-0.31,-0.36,-0.55,-1.16,-1.74,-2.30,-2.48,-2.47,-1.88,-1.27,-0.62,-0.36,-0.19,-0.20,-0.24,-0.31,-0.44,-0.60,-0.85,-1.23,-1.73,-2.14,-2.54,-3.12,-3.71,-4.32,-4.38,-4.24,-3.78,-3.25,-2.62,-2.15,-1.75,-1.60,-1.48,-1.39,-1.37,-1.35,-1.01,-0.65,-0.26,-0.04,0.11,0.23,0.27,0.19,0.08,-0.04,-0.14,-0.19,-0.13,0.09,0.40,0.54,0.61,0.50,0.23,-0.16,-0.42,-0.64,-0.76,-0.71,-0.54,-0.15,0.22,0.39,0.56,0.73,0.65,0.54,0.48,0.36,0.18,0.11,0.09,0.20,0.11,-0.21,-0.29,-0.30,-0.17,0.00,0.23,0.38,0.49,0.50,0.54,0.62,0.52,0.36,0.27,0.18,0.11,0.13,0.19,0.38,0.57,0.74,0.70,0.56
0.35,0.30,0.14,-0.26,-0.39,-0.38,-0.61,-0.78,-0.77,-0.66,-0.48,-0.13,0.17,0.29,0.39,0.48,0.68,0.77,0.46,0.01,-0.56,-0.62,-0.61,-0.56,-0.52,-0.49,-0.68,-0.91,-1.20,-1.27,-1.13,-0.81,-0.45,-0.08,0.05,-0.09,-0.34,-0.58,-0.58,-0.49,-0.27,-0.16,-0.10,-0.29,-0.45,-0.57,-0.85,-1.17,-1.34,-1.49,-1.62,-1.63,-1.58,-1.28,-0.92,-0.45,-0.19,-0.03,-0.04,0.06,0.40,0.60,0.72,0.54,0.30,-0.06,-0.27,-0.37,-0.26,-0.29,-0.75,-1.35,-2.04,-2.35,-2.44,-1.93,-1.33,-0.67,-0.41,-0.24,-0.23,-0.31,-0.47,-0.61,-0.73,-0.74,-0.84,-1.05,-1.12,-1.20,-1.54,-1.90,-2.27,-2.35,-2.33,-2.07,-1.73,-1.28,-0.98,-0.75,-0.81,-0.93,-1.14,-1.27,-1.36,-1.01,-0.62,-0.18,0.04,0.16,0.20,0.21,0.13,0.07,0.01,-0.07,-0.13,-0.16,-0.06,0.11,0.30,0.44,0.48,0.30,-0.03,-0.34,-0.62,-0.86,-0.83,-0.61,-0.22,0.14,0.32,0.54,0.78,0.78,0.74,0.75,0.62,0.35,0.25,0.23,0.38,0.31,0.01,-0.20,-0.36,-0.35,-0.22,0.05,0.21,0.32,0.38,0.49,0.68,0.63,0.49,0.35,0.20,0.05,0.03,0.07,0.30,0.53,0.75,0.78,0.72
0.10,0.18,0.19,0.06,0.09,0.19,-0.05,-0.25,-0.31,-0.32,-0.29,-0.22,-0.15,-0.13,-0.11,-0.09,0.09,0.12,-0.35,-0.90,-1.49,-1.28,-0.98,-0.76,-0.60,-0.50,-0.68,-0.91,-1.16,-1.21,-1.06,-0.76,-0.44,-0.15,-0.08,-0.28,-0.41,-0.49,-0.38,-0.26,-0.16,-0.13,-0.15,-0.35,-0.46,-0.42,-0.59,-0.82,-0.96,-1.05,-1.06,-0.96,-0.81,-0.64,-0.47,-0.29,-0.20,-0.14,-0.19,-0.11,0.24,0.43,0.54,0.34,0.09,-0.23,-0.42,-0.52,-0.33,-0.25,-0.58,-1.17,-1.93,-2.31,-2.47,-2.01,-1.43,-0.77,-0.52,-0.39,-0.46,-0.61,-0.85,-1.03,-1.15,-1.01,-0.92,-0.88,-0.72,-0.57,-0.66,-0.80,-0.99,-1.09,-1.15,-1.04,-0.84,-0.54,-0.36,-0.24,-0.43,-0.67,-0.99,-1.19,-1.33,-0.97,-0.58,-0.12,0.12,0.25,0.21,0.15,0.07,0.05,0.07,0.01,-0.07,-0.23,-0.29,-0.30,-0.12,0.05,0.17,0.11,-0.07,-0.45,-0.81,-1.06,-1.01,-0.72,-0.33,0.03,0.22,0.43,0.67,0.67,0.65,0.69,0.54,0.20,0.13,0.16,0.43,0.48,0.27,-0.01,-0.29,-0.37,-0.31,-0.06,0.02,0.06,0.07,0.15,0.32,0.32,0.25,0.07,-0.12,-0.32,-0.34,-0.28,-0.06,0.19,0.47,0.56,0.56
0.04,0.11,0.11,-0.02,0.06,0.26,0.05,-0.13,-0.22,-0.28,-0.34,-0.41,-0.49,-0.60,-0.72,-0.84,-0.66,-0.64,-1.26,-1.87,-2.48,-2.05,-1.52,-1.11,-0.81,-0.59,-0.76,-1.00,-1.25,-1.26,-1.03,-0.76,-0.50,-0.34,-0.35,-0.56,-0.61,-0.61,-0.43,-0.34,-0.37,-0.44,-0.53,-0.57,-0.48,-0.23,-0.25,-0.37,-0.52,-0.61,-0.61,-0.48,-0.29,-0.28,-0.29,-0.33,-0.36,-0.38,-0.46,-0.43,-0.14,0.04,0.16,0.05,-0.12,-0.38,-0.49,-0.51,-0.30,-0.21,-0.48,-1.00,-1.71,-2.07,-2.23,-1.81,-1.36,-0.88,-0.69,-0.60,-0.71,-0.91,-1.17,-1.34,-1.44,-1.31,-1.15,-0.97,-0.66,-0.36,-0.30,-0.31,-0.39,-0.52,-0.66,-0.63,-0.53,-0.32,-0.19,-0.10,-0.27,-0.49,-0.79,-0.99,-1.12,-0.75,-0.36,0.07,0.27,0.36,0.19,0.04,-0.08,-0.03,0.10,0.07,-0.04,-0.28,-0.47,-0.62,-0.47,-0.30,-0.13,-0.08,-0.10,-0.55,-0.97,-1.20,-1.08,-0.69,-0.28,0.09,0.31,0.50,0.65,0.60,0.53,0.54,0.37,0.01,-0.03,0.05,0.37,0.51,0.43,0.21,-0.04,-0.13,-0.10,0.09,0.09,0.03,-0.06,-0.08,-0.01,0.04,0.08,-0.07,-0.26,-0.50,-0.48,-0.36,-0.20,0.01,0.29,0.36,0.34
0.08,0.05,-0.07,-0.37,-0.36,-0.17,-0.27,-0.36,-0.40,-0.44,-0.48,-0.51,-0.59,-0.80,-1.04,-1.30,-1.11,-1.11,-1.84,-2.40,-2.84,-2.41,-1.89,-1.46,-1.10,-0.81,-0.99,-1.25,-1.44,-1.39,-1.08,-0.84,-0.63,-0.57,-0.63,-0.84,-0.91,-0.90,-0.68,-0.65,-0.84,-1.04,-1.19,-0.98,-0.68,-0.27,-0.21,-0.30,-0.52,-0.70,-0.82,-0.78,-0.66,-0.78,-0.89,-0.98,-1.00,-0.98,-1.13,-1.17,-0.94,-0.74,-0.55,-0.51,-0.53,-0.67,-0.66,-0.55,-0.35,-0.25,-0.48,-0.84,-1.30,-1.61,-1.77,-1.48,-1.25,-1.08,-1.05,-1.07,-1.19,-1.36,-1.59,-1.69,-1.74,-1.59,-1.41,-1.22,-0.87,-0.53,-0.41,-0.35,-0.33,-0.48,-0.65,-0.71,-0.66,-0.49,-0.34,-0.21,-0.31,-0.47,-0.73,-0.91,-1.05,-0.65,-0.26,0.09,0.21,0.22,-0.07,-0.29,-0.38,-0.26,-0.04,-0.02,-0.11,-0.44,-0.69,-0.88,-0.72,-0.52,-0.28,-0.18,-0.18,-0.68,-1.16,-1.44,-1.31,-0.87,-0.45,-0.08,0.13,0.26,0.32,0.24,0.15,0.21,0.07,-0.25,-0.31,-0.26,0.05,0.24,0.30,0.19,0.06,-0.01,0.02,0.18,0.15,0.05,-0.10,-0.18,-0.16,-0.07,0.03,-0.05,-0.16,-0.32,-0.30,-0.20,-0.10,0.03,0.20,0.19,0.08
-0.34,-0.45,-0.67,-1.10,-1.03,-0.69,-0.65,-0.64,-0.62,-0.58,-0.50,-0.43,-0.41,-0.54,-0.75,-1.01,-0.88,-0.92,-1.66,-2.19,-2.55,-2.25,-1.87,-1.59,-1.35,-1.12,-1.35,-1.62,-1.73,-1.63,-1.32,-1.02,-0.77,-0.71,-0.79,-1.00,-1.05,-1.05,-0.89,-0.97,-1.35,-1.65,-1.88,-1.52,-1.10,-0.59,-0.50,-0.57,-0.86,-1.13,-1.37,-1.37,-1.29,-1.54,-1.66,-1.56,-1.42,-1.27,-1.52,-1.65,-1.50,-1.34,-1.17,-0.95,-0.80,-0.84,-0.74,-0.54,-0.29,-0.15,-0.39,-0.63,-0.88,-1.09,-1.23,-1.10,-1.15,-1.32,-1.56,-1.77,-1.81,-1.93,-2.13,-2.18,-2.16,-1.94,-1.76,-1.63,-1.31,-0.97,-0.80,-0.66,-0.55,-0.62,-0.73,-0.80,-0.77,-0.61,-0.44,-0.28,-0.29,-0.39,-0.62,-0.82,-0.98,-0.62,-0.29,-0.01,0.04,-0.02,-0.36,-0.60,-0.62,-0.45,-0.18,-0.09,-0.16,-0.53,-0.86,-1.16,-0.96,-0.71,-0.39,-0.27,-0.30,-0.83,-1.32,-1.54,-1.36,-0.87,-0.50,-0.19,-0.09,-0.02,0.02,-0.02,-0.02,0.13,0.08,-0.15,-0.22,-0.21,0.01,0.19,0.31,0.28,0.21,0.13,0.17,0.34,0.34,0.29,0.20,0.15,0.18,0.25,0.32,0.19,0.05,-0.07,-0.07,-0.01,0.03,0.06,0.08,-0.05,-0.25
-1.06,-1.21,-1.42,-1.78,-1.52,-0.92,-0.78,-0.71,-0.76,-0.75,-0.71,-0.54,-0.43,-0.49,-0.59,-0.71,-0.54,-0.53,-1.13,-1.58,-1.90,-1.74,-1.55,-1.47,-1.43,-1.41,-1.69,-1.99,-2.13,-2.03,-1.71,-1.34,-1.00,-0.89,-0.90,-1.05,-1.04,-0.98,-0.89,-1.07,-1.60,-1.98,-2.25,-1.84,-1.39,-0.86,-0.76,-0.83,-1.13,-1.37,-1.54,-1.56,-1.53,-1.81,-1.89,-1.57,-1.28,-0.99,-1.28,-1.47,-1.42,-1.36,-1.31,-1.07,-0.88,-0.83,-0.67,-0.44,-0.25,-0.15,-0.32,-0.49,-0.67,-0.77,-0.87,-0.93,-1.16,-1.53,-1.89,-2.19,-2.22,-2.35,-2.58,-2.66,-2.67,-2.43,-2.25,-2.12,-1.77,-1.38,-1.15,-0.92,-0.70,-0.63,-0.62,-0.68,-0.67,-0.58,-0.45,-0.33,-0.32,-0.38,-0.55,-0.77,-0.99,-0.67,-0.40,-0.18,-0.19,-0.30,-0.60,-0.80,-0.78,-0.60,-0.34,-0.21,-0.25,-0.67,-1.12,-1.57,-1.40,-1.16,-0.78,-0.60,-0.55,-0.99,-1.37,-1.43,-1.22,-0.80,-0.50,-0.28,-0.30,-0.30,-0.28,-0.21,-0.11,0.09,0.14,0.05,-0.03,-0.07,-0.01,0.07,0.15,0.08,-0.02,-0.14,-0.12,0.04,0.12,0.18,0.22,0.30,0.42,0.49,0.51,0.29,0.08,-0.14,-0.18,-0.15,-0.12,-0.14,-0.26,-0.49,-0.78
-1.50,-1.65,-1.84,-2.09,-1.69,-0.94,-0.79,-0.76,-0.99,-1.11,-1.17,-1.02,-0.87,-0.78,-0.70,-0.61,-0.39,-0.30,-0.69,-0.99,-1.22,-1.13,-1.06,-1.15,-1.32,-1.55,-1.85,-2.14,-2.32,-2.27,-1.98,-1.59,-1.21,-1.06,-1.02,-1.09,-1.01,-0.91,-0.88,-1.10,-1.66,-2.06,-2.35,-1.94,-1.48,-0.95,-0.84,-0.90,-1.14,-1.31,-1.36,-1.36,-1.33,-1.62,-1.67,-1.29,-0.96,-0.67,-0.95,-1.16,-1.20,-1.27,-1.35,-1.15,-0.98,-0.93,-0.82,-0.68,-0.59,-0.57,-0.75,-0.95,-1.16,-1.28,-1.41,-1.56,-1.81,-2.14,-2.39,-2.60,-2.68,-2.83,-3.07,-3.24,-3.34,-3.13,-2.93,-2.73,-2.34,-1.91,-1.51,-1.11,-0.71,-0.50,-0.36,-0.39,-0.43,-0.50,-0.49,-0.46,-0.50,-0.57,-0.69,-0.87,-1.06,-0.70,-0.39,-0.17,-0.15,-0.23,-0.53,-0.71,-0.68,-0.49,-0.21,-0.14,-0.21,-0.59,-1.07,-1.60,-1.51,-1.32,-0.93,-0.67,-0.51,-0.77,-0.98,-0.92,-0.74,-0.46,-0.28,-0.16,-0.20,-0.21,-0.21,-0.11,0.01,0.16,0.22,0.18,0.05,-0.10,-0.25,-0.35,-0.39,-0.56,-0.77,-0.93,-0.97,-0.84,-0.66,-0.45,-0.25,-0.07,0.06,0.13,0.16,-0.12,-0.39,-0.64,-0.64,-0.54,-0.48,-0.52,-0.71,-1.01,-1.36
-1.45,-1.65,-1.87,-2.13,-1.73,-0.97,-0.77,-0.75,-1.12,-1.44,-1.71,-1.62,-1.44,-1.10,-0.82,-0.58,-0.34,-0.22,-0.48,-0.61,-0.63,-0.56,-0.53,-0.71,-0.93,-1.17,-1.40,-1.61,-1.82,-1.84,-1.68,-1.37,-1.05,-0.92,-0.92,-1.08,-1.05,-0.97,-0.91,-1.06,-1.51,-1.84,-2.08,-1.66,-1.23,-0.76,-0.66,-0.71,-0.86,-0.96,-0.98,-1.03,-1.10,-1.48,-1.63,-1.32,-1.05,-0.79,-1.14,-1.39,-1.43,-1.51,-1.61,-1.42,-1.25,-1.15,-1.07,-1.01,-1.06,-1.16,-1.38,-1.55,-1.69,-1.88,-2.06,-2.22,-2.34,-2.42,-2.44,-2.49,-2.67,-2.93,-3.26,-3.52,-3.72,-3.66,-3.55,-3.38,-3.07,-2.70,-2.19,-1.64,-1.05,-0.69,-0.42,-0.41,-0.47,-0.62,-0.71,-0.78,-0.85,-0.94,-1.08,-1.23,-1.37,-1.00,-0.69,-0.47,-0.44,-0.48,-0.74,-0.89,-0.80,-0.58,-0.28,-0.21,-0.26,-0.58,-1.01,-1.50,-1.45,-1.30,-0.95,-0.68,-0.48,-0.69,-0.86,-0.77,-0.65,-0.51,-0.44,-0.36,-0.27,-0.18,-0.10,0.01,0.11,0.15,0.11,-0.02,-0.21,-0.43,-0.76,-1.01,-1.16,-1.40,-1.65,-1.91,-2.03,-1.98,-1.70,-1.36,-1.04,-0.78,-0.61,-0.54,-0.53,-0.77,-0.96,-1.05,-0.89,-0.65,-0.56,-0.58,-0.82,-1.15,-1.53
